-- phpMyAdmin SQL Dump
-- version 4.8.4
-- https://www.phpmyadmin.net/
--
-- Host: 127.0.0.1:3306
-- Generation Time: Aug 31, 2020 at 03:47 AM
-- Server version: 5.7.24
-- PHP Version: 7.2.14

SET SQL_MODE = "NO_AUTO_VALUE_ON_ZERO";
SET AUTOCOMMIT = 0;
START TRANSACTION;
SET time_zone = "+00:00";


/*!40101 SET @OLD_CHARACTER_SET_CLIENT=@@CHARACTER_SET_CLIENT */;
/*!40101 SET @OLD_CHARACTER_SET_RESULTS=@@CHARACTER_SET_RESULTS */;
/*!40101 SET @OLD_COLLATION_CONNECTION=@@COLLATION_CONNECTION */;
/*!40101 SET NAMES utf8mb4 */;

--
-- Database: `laravel_laravelapidevelopment`
--

-- --------------------------------------------------------

--
-- Table structure for table `failed_jobs`
--

DROP TABLE IF EXISTS `failed_jobs`;
CREATE TABLE IF NOT EXISTS `failed_jobs` (
  `id` bigint(20) UNSIGNED NOT NULL AUTO_INCREMENT,
  `connection` text COLLATE utf8mb4_unicode_ci NOT NULL,
  `queue` text COLLATE utf8mb4_unicode_ci NOT NULL,
  `payload` longtext COLLATE utf8mb4_unicode_ci NOT NULL,
  `exception` longtext COLLATE utf8mb4_unicode_ci NOT NULL,
  `failed_at` timestamp NOT NULL DEFAULT CURRENT_TIMESTAMP,
  PRIMARY KEY (`id`)
) ENGINE=InnoDB DEFAULT CHARSET=utf8mb4 COLLATE=utf8mb4_unicode_ci;

-- --------------------------------------------------------

--
-- Table structure for table `migrations`
--

DROP TABLE IF EXISTS `migrations`;
CREATE TABLE IF NOT EXISTS `migrations` (
  `id` int(10) UNSIGNED NOT NULL AUTO_INCREMENT,
  `migration` varchar(255) COLLATE utf8mb4_unicode_ci NOT NULL,
  `batch` int(11) NOT NULL,
  PRIMARY KEY (`id`)
) ENGINE=InnoDB AUTO_INCREMENT=5 DEFAULT CHARSET=utf8mb4 COLLATE=utf8mb4_unicode_ci;

--
-- Dumping data for table `migrations`
--

INSERT INTO `migrations` (`id`, `migration`, `batch`) VALUES
(1, '2014_10_12_000000_create_users_table', 1),
(2, '2019_08_19_000000_create_failed_jobs_table', 1),
(3, '2020_08_31_015600_create_products_table', 1),
(4, '2020_08_31_015739_create_reviews_table', 1);

-- --------------------------------------------------------

--
-- Table structure for table `products`
--

DROP TABLE IF EXISTS `products`;
CREATE TABLE IF NOT EXISTS `products` (
  `id` bigint(20) UNSIGNED NOT NULL AUTO_INCREMENT,
  `name` varchar(255) COLLATE utf8mb4_unicode_ci NOT NULL,
  `detail` text COLLATE utf8mb4_unicode_ci NOT NULL,
  `price` int(11) NOT NULL,
  `stock` int(11) NOT NULL,
  `discount` int(11) NOT NULL,
  `created_at` timestamp NULL DEFAULT NULL,
  `updated_at` timestamp NULL DEFAULT NULL,
  PRIMARY KEY (`id`)
) ENGINE=InnoDB AUTO_INCREMENT=51 DEFAULT CHARSET=utf8mb4 COLLATE=utf8mb4_unicode_ci;

--
-- Dumping data for table `products`
--

INSERT INTO `products` (`id`, `name`, `detail`, `price`, `stock`, `discount`, `created_at`, `updated_at`) VALUES
(1, 'vel', 'Distinctio qui voluptas architecto sequi et. Facilis tenetur et impedit molestias odio. Atque sed labore delectus velit nesciunt labore et doloremque. Alias dolor ipsa ipsum est.', 618, 2, 27, '2020-08-30 21:42:26', '2020-08-30 21:42:26'),
(2, 'suscipit', 'Et corporis impedit sit aliquam. Dolorum laboriosam ducimus deserunt ab eligendi. Atque quo voluptate velit tenetur cumque ut dolore eveniet.', 538, 8, 5, '2020-08-30 21:42:26', '2020-08-30 21:42:26'),
(3, 'officia', 'Reprehenderit maxime distinctio dolorem explicabo. Quas laborum aut modi numquam quo totam. Esse est provident dolorum quis eum vitae.', 270, 8, 4, '2020-08-30 21:42:26', '2020-08-30 21:42:26'),
(4, 'laborum', 'Ad dicta dolore similique exercitationem. Voluptatibus sapiente dicta perspiciatis sapiente quia quaerat hic.', 198, 6, 18, '2020-08-30 21:42:26', '2020-08-30 21:42:26'),
(5, 'id', 'Natus velit sit molestias corrupti. At ratione excepturi quisquam expedita. Quia accusamus ipsum nihil ducimus optio expedita.', 751, 0, 4, '2020-08-30 21:42:26', '2020-08-30 21:42:26'),
(6, 'sequi', 'Ut mollitia quis alias consectetur nostrum. Doloribus illo eveniet qui possimus. Nobis aliquam sed dolore soluta iusto quaerat aut reprehenderit. Quia incidunt voluptas non et id incidunt iste. Quo minima et repudiandae praesentium dicta est quo.', 288, 1, 25, '2020-08-30 21:42:26', '2020-08-30 21:42:26'),
(7, 'voluptas', 'In nisi ut eveniet aliquam. Expedita magni ut exercitationem quia tempore ut accusamus odit. Illum iste sit necessitatibus itaque et molestiae qui.', 838, 8, 27, '2020-08-30 21:42:26', '2020-08-30 21:42:26'),
(8, 'vitae', 'Eum quidem sit suscipit et quia deleniti. Sit asperiores enim repudiandae dolorem quae fugit dolore. Omnis assumenda quis qui ducimus ut ducimus eos veniam.', 111, 6, 4, '2020-08-30 21:42:26', '2020-08-30 21:42:26'),
(9, 'error', 'Rerum doloremque consequatur quod aut omnis in rerum. Optio odit sapiente impedit non quo alias. Ratione voluptates vel impedit ipsum quo.', 378, 6, 5, '2020-08-30 21:42:26', '2020-08-30 21:42:26'),
(10, 'id', 'Aliquid velit autem illo non. Perspiciatis ex dolorum sed. Voluptatem recusandae aut molestiae voluptatem eveniet et. Fuga cumque error architecto reiciendis.', 723, 6, 22, '2020-08-30 21:42:26', '2020-08-30 21:42:26'),
(11, 'porro', 'Sunt ut neque ipsa similique debitis minima. Quia nulla quo odio dolores. Perferendis id quia doloremque voluptate. Totam sit velit molestiae qui officia aut.', 210, 7, 27, '2020-08-30 21:42:26', '2020-08-30 21:42:26'),
(12, 'laborum', 'Quaerat ut aut sit consectetur. Beatae minus eos modi facere dolorum.', 515, 5, 7, '2020-08-30 21:42:26', '2020-08-30 21:42:26'),
(13, 'veritatis', 'Harum enim ex et non velit. Consequatur est voluptatem sunt qui. Asperiores suscipit dolores repellendus vel. Adipisci doloribus qui iure nostrum maiores veniam.', 769, 5, 21, '2020-08-30 21:42:26', '2020-08-30 21:42:26'),
(14, 'soluta', 'Ut id odit in. Voluptate et inventore id eveniet mollitia. Est quo vel delectus doloremque voluptatem rerum.', 613, 7, 14, '2020-08-30 21:42:26', '2020-08-30 21:42:26'),
(15, 'vel', 'Consectetur expedita ea rerum enim qui mollitia. Blanditiis ratione explicabo quasi veritatis quam qui. Tempora molestiae veritatis dicta voluptatem inventore.', 152, 7, 24, '2020-08-30 21:42:26', '2020-08-30 21:42:26'),
(16, 'nesciunt', 'Expedita non rem quia eaque facilis ad ex quisquam. Rem veniam velit earum itaque est delectus voluptas. Dicta vel maiores nihil tenetur. Voluptatibus quia voluptatum excepturi corrupti.', 476, 5, 28, '2020-08-30 21:42:26', '2020-08-30 21:42:26'),
(17, 'ut', 'Veniam eos doloribus facilis sed. Sed cumque alias necessitatibus ut in aut ut. Blanditiis aut voluptatem vel ipsa modi sed. Aliquid animi consequatur consequatur facilis nostrum.', 708, 5, 19, '2020-08-30 21:42:26', '2020-08-30 21:42:26'),
(18, 'aperiam', 'Optio beatae cumque similique dolorem et. Accusamus aut quis ex. Nisi nemo commodi mollitia mollitia ipsum non. Ut ut quaerat voluptas magnam iure sed.', 299, 2, 28, '2020-08-30 21:42:26', '2020-08-30 21:42:26'),
(19, 'doloribus', 'Officiis dolores suscipit officia et veniam ratione mollitia. Placeat illum aut officia.', 784, 1, 22, '2020-08-30 21:42:26', '2020-08-30 21:42:26'),
(20, 'nesciunt', 'Aut nostrum et maxime dolorem et. Commodi optio autem velit unde perspiciatis voluptates quo. Facilis atque expedita quis sapiente porro. Praesentium ex ex magnam in laudantium odit.', 103, 7, 16, '2020-08-30 21:42:26', '2020-08-30 21:42:26'),
(21, 'ex', 'Similique repellendus ea qui perferendis iure. Qui quia iure mollitia id et. Minima numquam voluptatibus tempora facere laborum. Temporibus ea nihil natus unde reprehenderit.', 184, 7, 10, '2020-08-30 21:42:26', '2020-08-30 21:42:26'),
(22, 'voluptatibus', 'Blanditiis et et id expedita. Blanditiis nulla doloribus mollitia possimus officiis. Est voluptatem cumque officiis ex. Aliquam sed est et et id. Aliquid in rerum quia dolores autem quia blanditiis.', 423, 4, 4, '2020-08-30 21:42:26', '2020-08-30 21:42:26'),
(23, 'ab', 'Eos tempore exercitationem quos ullam repellendus laudantium aspernatur. Dolores nihil ea dolores.', 802, 5, 17, '2020-08-30 21:42:26', '2020-08-30 21:42:26'),
(24, 'et', 'Debitis rem et qui eum atque quae. Deleniti libero tempora quis ut consequuntur quibusdam. Veritatis aspernatur totam atque magni velit. Eveniet repellendus et ducimus qui.', 844, 7, 28, '2020-08-30 21:42:26', '2020-08-30 21:42:26'),
(25, 'nam', 'Voluptatem ut reprehenderit ad. Eum nihil alias in rerum nisi. Ipsa quas atque sed cumque quis. Ipsum molestias quos fugiat dolor ipsam non.', 288, 3, 11, '2020-08-30 21:42:26', '2020-08-30 21:42:26'),
(26, 'voluptas', 'Vel deleniti dolor nulla voluptas cupiditate quo assumenda. Officiis numquam error ab vel qui unde. Cumque velit error cumque incidunt fugiat. Perspiciatis reiciendis sed dolor facere eos.', 665, 7, 2, '2020-08-30 21:42:26', '2020-08-30 21:42:26'),
(27, 'ut', 'Neque velit aut dolor exercitationem exercitationem recusandae ut. Ullam accusamus perspiciatis cupiditate commodi. Aliquam saepe temporibus totam dignissimos quibusdam ab. Adipisci quo odio quo corrupti.', 694, 7, 3, '2020-08-30 21:42:26', '2020-08-30 21:42:26'),
(28, 'consectetur', 'In corporis nostrum quo dolorum tempora consequuntur similique. Commodi eligendi sit expedita officiis ex. Ea ut eos aliquid et assumenda.', 155, 4, 12, '2020-08-30 21:42:26', '2020-08-30 21:42:26'),
(29, 'et', 'Error est id totam libero. Veritatis sapiente rem cumque ea nihil placeat ab. Dolor et et unde ab id.', 768, 6, 15, '2020-08-30 21:42:27', '2020-08-30 21:42:27'),
(30, 'dolor', 'Aspernatur sint doloribus eaque fugiat. Eum reprehenderit qui illo ea et illo. Ut in eos reprehenderit ducimus nulla ipsam.', 644, 2, 4, '2020-08-30 21:42:27', '2020-08-30 21:42:27'),
(31, 'culpa', 'Debitis ut quod autem sapiente veritatis aspernatur. Fugiat neque ut autem a exercitationem expedita numquam ut. Corporis distinctio sint impedit sit. Labore commodi blanditiis et reprehenderit et et harum.', 748, 9, 7, '2020-08-30 21:42:27', '2020-08-30 21:42:27'),
(32, 'officiis', 'Blanditiis nemo sunt est in architecto non. Tempore et molestiae sunt eveniet aut inventore. Laboriosam voluptatem quo illo assumenda repellat.', 582, 5, 19, '2020-08-30 21:42:27', '2020-08-30 21:42:27'),
(33, 'odio', 'Ut aliquam earum delectus velit cumque sint aperiam. Quo dolores et fugiat quis. Dolor odit odit quia voluptatem debitis. Rerum quisquam rerum nemo quo molestias rerum doloremque.', 327, 6, 30, '2020-08-30 21:42:27', '2020-08-30 21:42:27'),
(34, 'odit', 'Atque ratione sed et. Qui autem corporis qui dolor error. Quos quis est totam modi dolores et.', 576, 8, 8, '2020-08-30 21:42:27', '2020-08-30 21:42:27'),
(35, 'laborum', 'Molestiae accusantium consectetur velit quia saepe itaque. Alias vel soluta aut sed nisi. Qui molestiae voluptas enim culpa sit architecto est. Fugiat modi sed rerum ut numquam reiciendis aliquid.', 439, 9, 29, '2020-08-30 21:42:27', '2020-08-30 21:42:27'),
(36, 'porro', 'Quisquam ad quo minima perspiciatis aliquid expedita rerum. Animi odit iusto ipsa voluptatem itaque iusto nulla. Labore harum sed sit saepe. Magnam sunt quo ut maiores perspiciatis.', 953, 9, 29, '2020-08-30 21:42:27', '2020-08-30 21:42:27'),
(37, 'amet', 'Sunt modi hic vel impedit quis ipsum. Eos odio adipisci ut quis. Non saepe aperiam nulla dolor omnis sed eaque. Accusantium esse a repellat nobis soluta velit sequi. Vel non vel similique vel eum culpa enim.', 759, 1, 13, '2020-08-30 21:42:27', '2020-08-30 21:42:27'),
(38, 'id', 'Nemo vitae eos sequi et aspernatur. Nulla autem vel reiciendis expedita est provident in exercitationem.', 729, 2, 24, '2020-08-30 21:42:27', '2020-08-30 21:42:27'),
(39, 'illo', 'Beatae enim eveniet illo voluptate molestiae distinctio et. Occaecati recusandae dolor voluptas esse animi. Eos ut quasi praesentium maiores.', 324, 7, 3, '2020-08-30 21:42:27', '2020-08-30 21:42:27'),
(40, 'repudiandae', 'Cupiditate voluptatum totam sit reiciendis tempora nihil. At fugit quia dolorum iure. Ut ut hic ut quia nesciunt alias.', 678, 7, 19, '2020-08-30 21:42:27', '2020-08-30 21:42:27'),
(41, 'corporis', 'Laudantium qui ipsum cumque error qui. Assumenda et repellat deleniti quia. Reiciendis id ea qui quis aut. Doloribus rem labore dolore illo corrupti hic. Perferendis id magnam aut numquam nobis vel.', 546, 3, 30, '2020-08-30 21:42:27', '2020-08-30 21:42:27'),
(42, 'quia', 'Distinctio quia totam praesentium culpa. Cum rem ipsa distinctio amet aut ab ipsum sunt. Dolor aut autem vel reprehenderit adipisci natus. Dolore et ex provident qui distinctio.', 252, 8, 16, '2020-08-30 21:42:27', '2020-08-30 21:42:27'),
(43, 'odio', 'Cumque quidem aut totam corporis totam mollitia. Reprehenderit repellat at possimus at laboriosam. Cupiditate provident corrupti corporis quis rem iure. Dolor et beatae inventore eum quibusdam aut nesciunt.', 250, 7, 16, '2020-08-30 21:42:27', '2020-08-30 21:42:27'),
(44, 'doloremque', 'Qui explicabo ipsam eos perspiciatis. Voluptatem asperiores mollitia ut consequatur repellat impedit nemo. Sunt omnis excepturi nemo dicta. Sint sed qui sit et architecto laborum culpa.', 989, 3, 16, '2020-08-30 21:42:27', '2020-08-30 21:42:27'),
(45, 'quibusdam', 'Velit quo est voluptatem veniam commodi. Dolorem nesciunt dolorem sint. Eos voluptas saepe vitae doloremque earum a autem. Quae libero blanditiis ipsum voluptas et itaque. Quia corporis sit ullam veritatis expedita soluta mollitia culpa.', 456, 3, 18, '2020-08-30 21:42:27', '2020-08-30 21:42:27'),
(46, 'veniam', 'Perspiciatis esse repellat quos nostrum. Reiciendis voluptatibus sed dolorem blanditiis dolorem temporibus. Veritatis eius ut aliquid non non.', 699, 8, 8, '2020-08-30 21:42:27', '2020-08-30 21:42:27'),
(47, 'ducimus', 'Quos cum sed reprehenderit similique. Tenetur placeat aut at dolorem sit. Consectetur et aut velit labore beatae. Est similique ratione quibusdam atque autem et. Non aspernatur blanditiis maiores odit incidunt.', 238, 3, 11, '2020-08-30 21:42:27', '2020-08-30 21:42:27'),
(48, 'qui', 'Ipsa dolor atque enim quasi vitae. Sunt ex ullam eum eum. Mollitia itaque velit voluptas sapiente quis est ipsam dicta. Ut eligendi qui nihil assumenda.', 126, 0, 21, '2020-08-30 21:42:27', '2020-08-30 21:42:27'),
(49, 'adipisci', 'Voluptates ut velit soluta enim. Quaerat qui rerum est ea. Sit aut nesciunt veniam architecto ea qui quis necessitatibus.', 882, 0, 3, '2020-08-30 21:42:27', '2020-08-30 21:42:27'),
(50, 'exercitationem', 'Cupiditate nobis est animi. At ut odio tempore placeat minus illo. Accusamus dolore rerum harum consectetur quibusdam molestias.', 591, 1, 30, '2020-08-30 21:42:27', '2020-08-30 21:42:27');

-- --------------------------------------------------------

--
-- Table structure for table `reviews`
--

DROP TABLE IF EXISTS `reviews`;
CREATE TABLE IF NOT EXISTS `reviews` (
  `id` bigint(20) UNSIGNED NOT NULL AUTO_INCREMENT,
  `product_id` bigint(20) UNSIGNED NOT NULL,
  `customer` varchar(255) COLLATE utf8mb4_unicode_ci NOT NULL,
  `review` text COLLATE utf8mb4_unicode_ci NOT NULL,
  `star` int(11) NOT NULL,
  `created_at` timestamp NULL DEFAULT NULL,
  `updated_at` timestamp NULL DEFAULT NULL,
  PRIMARY KEY (`id`),
  KEY `reviews_product_id_index` (`product_id`)
) ENGINE=InnoDB AUTO_INCREMENT=301 DEFAULT CHARSET=utf8mb4 COLLATE=utf8mb4_unicode_ci;

--
-- Dumping data for table `reviews`
--

INSERT INTO `reviews` (`id`, `product_id`, `customer`, `review`, `star`, `created_at`, `updated_at`) VALUES
(1, 12, 'Maxwell Hickle', 'Error necessitatibus corporis quis. Quae reiciendis dicta aut sit quidem natus eos quia. Omnis occaecati ut perferendis. Est dolor quae expedita maxime dignissimos vero veniam.', 4, '2020-08-30 21:43:22', '2020-08-30 21:43:22'),
(2, 10, 'Monroe Kautzer', 'Quia sed in aliquam. Cupiditate inventore ea inventore dicta ducimus voluptate ipsam non. Distinctio ad perspiciatis eum dolorem praesentium sit. Nam dolorem dolorem cumque et illum explicabo distinctio.', 0, '2020-08-30 21:43:23', '2020-08-30 21:43:23'),
(3, 3, 'Guido Schultz', 'Et eum dignissimos doloribus perspiciatis possimus. Magni corporis dignissimos qui consectetur quos. Sint qui ea ea perspiciatis.', 4, '2020-08-30 21:43:23', '2020-08-30 21:43:23'),
(4, 36, 'Kadin Berge', 'Earum vitae aspernatur impedit harum. Voluptatem earum facere explicabo similique et dolorem.', 0, '2020-08-30 21:43:23', '2020-08-30 21:43:23'),
(5, 16, 'Sarai Stoltenberg MD', 'Nulla voluptas natus explicabo aut alias culpa. Natus distinctio ducimus corrupti quasi. Excepturi nulla voluptatum vitae. Sequi ut totam consequatur.', 0, '2020-08-30 21:43:23', '2020-08-30 21:43:23'),
(6, 15, 'Maureen Watsica', 'Culpa culpa magnam repudiandae officia delectus. Consequatur est vel id ipsa dolorum necessitatibus facilis. Porro fugiat sit omnis debitis fugiat dolorum sint.', 3, '2020-08-30 21:43:23', '2020-08-30 21:43:23'),
(7, 44, 'Blanca Runte', 'Nihil dolorem ex id accusantium architecto mollitia omnis. Ea et quia laborum.', 4, '2020-08-30 21:43:23', '2020-08-30 21:43:23'),
(8, 10, 'Ms. Nadia Upton II', 'Et non et voluptatem necessitatibus. Veniam dolores eligendi qui numquam quis laborum. Necessitatibus sed facilis nam aut.', 4, '2020-08-30 21:43:23', '2020-08-30 21:43:23'),
(9, 18, 'Immanuel Thiel', 'Unde delectus itaque similique ullam et nesciunt perspiciatis. Vel dolorem ut sed nesciunt laudantium odit sit. At corporis aliquam explicabo vero voluptatum corporis. Iste voluptatem quis sed assumenda unde.', 1, '2020-08-30 21:43:23', '2020-08-30 21:43:23'),
(10, 49, 'Mabelle Shields', 'Doloribus voluptatem et ratione ipsum. Libero eum omnis dolorem.', 5, '2020-08-30 21:43:23', '2020-08-30 21:43:23'),
(11, 36, 'Deven Ankunding', 'Culpa atque recusandae in sit consectetur. Quae praesentium beatae eos est corporis. Voluptates qui ad excepturi exercitationem consequatur esse.', 0, '2020-08-30 21:43:23', '2020-08-30 21:43:23'),
(12, 10, 'Manuela VonRueden DVM', 'Unde soluta suscipit ut laboriosam labore amet incidunt. Tenetur quo molestiae laudantium quae reprehenderit cum exercitationem sint. Omnis tempora enim minus quia. Amet optio quod asperiores incidunt sunt temporibus.', 0, '2020-08-30 21:43:23', '2020-08-30 21:43:23'),
(13, 9, 'Rafael Homenick III', 'Consequatur veniam repudiandae qui officia omnis. Dicta cum reiciendis voluptas officia cupiditate.', 0, '2020-08-30 21:43:23', '2020-08-30 21:43:23'),
(14, 9, 'Mrs. Joanie Krajcik', 'Consequatur dignissimos voluptates enim et vel. Error aliquam qui est quia voluptas repellat. Illo tempore sequi et deleniti et. Quia neque neque natus.', 1, '2020-08-30 21:43:23', '2020-08-30 21:43:23'),
(15, 29, 'Maci Graham', 'Porro sint eos amet at commodi doloribus odio nulla. Iste omnis sed et consectetur in nobis. Commodi omnis vel voluptas voluptatibus aut.', 1, '2020-08-30 21:43:23', '2020-08-30 21:43:23'),
(16, 9, 'Miracle Ritchie', 'Rerum aut ducimus recusandae sit eos laboriosam enim. Ex id vitae aliquam incidunt sit explicabo dolorem reiciendis. Similique ipsa repellat quam assumenda consequatur.', 4, '2020-08-30 21:43:23', '2020-08-30 21:43:23'),
(17, 49, 'Lisette Buckridge', 'Et dolorem quam aut eum. Adipisci consequatur aut consequuntur fugiat modi. Consequuntur saepe quis vitae ipsam maiores quae possimus. Non et sed rem quas ab.', 0, '2020-08-30 21:43:23', '2020-08-30 21:43:23'),
(18, 46, 'Norval Kub', 'Dolor vero blanditiis nihil facilis. Et aperiam sit iusto delectus quia.', 3, '2020-08-30 21:43:23', '2020-08-30 21:43:23'),
(19, 42, 'Cindy Thiel', 'Incidunt reprehenderit cumque illum quasi quibusdam quia. Illo nihil labore ex ut vero dolor.', 4, '2020-08-30 21:43:23', '2020-08-30 21:43:23'),
(20, 3, 'Mr. Kory O\'Keefe', 'Cupiditate qui molestiae est ipsam. Nemo saepe est numquam natus quia officiis asperiores reprehenderit.', 1, '2020-08-30 21:43:23', '2020-08-30 21:43:23'),
(21, 24, 'Francesca Bruen', 'Inventore incidunt officia voluptas dolor veritatis dolorum magnam. Tenetur quia architecto aut facere architecto minima id et. Culpa voluptas dolor enim corrupti perspiciatis.', 0, '2020-08-30 21:43:23', '2020-08-30 21:43:23'),
(22, 33, 'Mr. Quentin Willms III', 'Consequuntur ipsum omnis fuga sint beatae reprehenderit est. Dignissimos praesentium ex iure autem pariatur iusto error. Quia quod deserunt aut id facilis est unde. Est omnis dolorem enim voluptas molestias.', 1, '2020-08-30 21:43:23', '2020-08-30 21:43:23'),
(23, 25, 'Heidi Hoppe', 'Qui fugit quo vero eius eum blanditiis quis. Pariatur doloremque ullam quos voluptatem cum possimus. Aperiam nesciunt optio facilis nemo velit aspernatur quasi.', 1, '2020-08-30 21:43:23', '2020-08-30 21:43:23'),
(24, 33, 'Sheldon Sawayn', 'Repellendus iste enim molestiae fugit similique nemo maiores temporibus. Eius non exercitationem sed est mollitia ut. Nihil voluptatem incidunt reiciendis iusto.', 5, '2020-08-30 21:43:23', '2020-08-30 21:43:23'),
(25, 12, 'Margret Kling', 'Deleniti doloribus fugiat esse cupiditate. Minima et accusantium possimus. Necessitatibus consectetur aut delectus aut ad cum distinctio.', 5, '2020-08-30 21:43:23', '2020-08-30 21:43:23'),
(26, 7, 'Dana Botsford', 'Corporis pariatur harum vel voluptas dolores voluptates. Commodi amet quo dolores. Maiores odit incidunt expedita est repellendus et consequatur quibusdam. Et suscipit voluptatum error unde minima nam repudiandae.', 3, '2020-08-30 21:43:23', '2020-08-30 21:43:23'),
(27, 3, 'Toni Gibson', 'Aperiam rem eos doloribus sed possimus aut. Tempore qui et est. Labore rerum in ab.', 5, '2020-08-30 21:43:23', '2020-08-30 21:43:23'),
(28, 36, 'Jackson Weber', 'Saepe beatae beatae voluptates quidem alias itaque. Aut ut eum repellendus nihil eligendi. Perferendis veritatis officia voluptatem nihil nisi.', 0, '2020-08-30 21:43:23', '2020-08-30 21:43:23'),
(29, 32, 'Aaliyah Graham', 'Accusantium beatae excepturi qui sapiente libero velit. Dicta sit neque velit voluptate temporibus fugit. Nesciunt totam eveniet ipsa ipsum aut. Rem temporibus doloribus unde blanditiis rem eos.', 2, '2020-08-30 21:43:23', '2020-08-30 21:43:23'),
(30, 14, 'Noemie Dickinson', 'Aperiam veritatis optio nisi provident qui sit. Id qui quia non voluptatem. Et enim necessitatibus voluptatem aperiam labore sed non. Aspernatur aut repellat fugit enim voluptatem aliquam.', 3, '2020-08-30 21:43:23', '2020-08-30 21:43:23'),
(31, 42, 'Prof. Benjamin Casper', 'Rerum vitae quasi temporibus quibusdam rerum ipsum occaecati. Nemo ut ea architecto aliquid aliquam minima et placeat. Nulla cumque dolor et aut.', 0, '2020-08-30 21:43:23', '2020-08-30 21:43:23'),
(32, 45, 'Maximillia Maggio Jr.', 'Hic alias maxime impedit consectetur sunt temporibus labore. Id earum accusamus aliquam atque id illo illum. Et officia veritatis expedita. Voluptate perspiciatis porro et repellendus. Est autem consequatur dolore est et dolorem molestias.', 2, '2020-08-30 21:43:23', '2020-08-30 21:43:23'),
(33, 23, 'Jules Brekke', 'Porro adipisci cumque a minus consectetur qui nemo. Assumenda corporis autem architecto quasi optio sit. Unde non ex dolorum ea quia vel suscipit. Et voluptate consectetur rem dolorum aut iste sit.', 0, '2020-08-30 21:43:23', '2020-08-30 21:43:23'),
(34, 19, 'Prof. Brannon Rowe', 'Aspernatur saepe exercitationem omnis saepe hic. Excepturi assumenda consequatur corrupti dicta laborum assumenda doloremque. Laborum praesentium mollitia eligendi voluptas. Rem illo nostrum accusamus esse enim dolorum non.', 5, '2020-08-30 21:43:23', '2020-08-30 21:43:23'),
(35, 16, 'Mrs. Jayda Hauck Jr.', 'Magnam suscipit sed quas accusantium eius laborum commodi. Delectus reiciendis nam eum repudiandae. Provident optio vitae odit et. Aliquid ut possimus explicabo iusto.', 5, '2020-08-30 21:43:23', '2020-08-30 21:43:23'),
(36, 20, 'Breana Strosin', 'Sunt repellendus eum quas alias. Sunt at assumenda et ut. Sunt quaerat assumenda autem omnis. Reiciendis reprehenderit molestiae sunt ab vero consequatur quos.', 2, '2020-08-30 21:43:24', '2020-08-30 21:43:24'),
(37, 39, 'Lorenzo Hettinger', 'Et atque expedita ab minus at. Deserunt quod ea aspernatur expedita quaerat non. Quis sint quas quasi nihil dolor.', 3, '2020-08-30 21:43:24', '2020-08-30 21:43:24'),
(38, 39, 'Ms. Lelia Will', 'Ut eum illo rem voluptatem corrupti qui. Laboriosam non laudantium voluptatem dolores adipisci. Qui cumque sit fuga aliquam impedit dolorem beatae. Laborum consectetur vel facere illum eveniet alias.', 1, '2020-08-30 21:43:24', '2020-08-30 21:43:24'),
(39, 34, 'Florian Cartwright', 'Repellendus error illum ea unde est ut. Hic beatae deleniti aut odit veritatis dolorem.', 0, '2020-08-30 21:43:24', '2020-08-30 21:43:24'),
(40, 45, 'Malinda Leffler DDS', 'Pariatur fugiat nihil unde sit repellat labore et. Quia occaecati beatae totam. Sed dolorum sed corrupti veritatis dolorem dolor optio. Aperiam porro fuga dolores tenetur minus et velit. Quis nihil reiciendis quia eaque modi maiores consequuntur.', 2, '2020-08-30 21:43:24', '2020-08-30 21:43:24'),
(41, 28, 'Dudley Nicolas', 'Molestias voluptatem tenetur ex at. Quis eos alias qui veniam modi rem et. Odit amet laboriosam earum.', 1, '2020-08-30 21:43:24', '2020-08-30 21:43:24'),
(42, 47, 'Mr. Houston Hamill I', 'Velit hic aspernatur tenetur aut rerum veniam. Recusandae temporibus voluptatem quod explicabo corporis dolor omnis. At non et quam facere consequatur beatae inventore.', 0, '2020-08-30 21:43:24', '2020-08-30 21:43:24'),
(43, 21, 'Uriel Dare DDS', 'Quis nobis et neque. Provident eos id consequatur quo possimus perferendis error. Et et sapiente quia earum nihil nesciunt dolorem. At occaecati ipsa a veniam ipsa.', 3, '2020-08-30 21:43:24', '2020-08-30 21:43:24'),
(44, 17, 'Angelina Lesch PhD', 'Repudiandae architecto accusantium enim ipsam pariatur distinctio. Cupiditate facilis ad qui quis quasi quos qui. Enim laborum non minima sint sapiente.', 1, '2020-08-30 21:43:24', '2020-08-30 21:43:24'),
(45, 13, 'Albert Koss', 'Sed modi assumenda similique quaerat facere ducimus. Dolores delectus recusandae eveniet repellendus nobis voluptatibus suscipit. Harum culpa dolores voluptas esse error ut dicta minus. Architecto autem aut neque cumque ea deserunt quia necessitatibus.', 2, '2020-08-30 21:43:24', '2020-08-30 21:43:24'),
(46, 32, 'Ubaldo Yundt', 'Labore velit qui rem eligendi aliquid consequuntur. Totam sint quam alias fugit adipisci deleniti exercitationem quibusdam. Quibusdam voluptas perspiciatis omnis quas corrupti sit quidem eveniet. Consequatur ut cupiditate est adipisci est est et molestiae. Qui cupiditate aperiam temporibus inventore qui.', 5, '2020-08-30 21:43:24', '2020-08-30 21:43:24'),
(47, 33, 'Candace Hammes', 'Vero dolorem aliquam unde fuga. Nisi labore fugiat repellendus quod ipsam vero quisquam. Qui architecto magnam est itaque non.', 5, '2020-08-30 21:43:24', '2020-08-30 21:43:24'),
(48, 8, 'Dr. Bianka Jacobi', 'Expedita voluptate earum quas. Ab illum velit sequi et qui et error. Optio sit et cupiditate ratione. Facilis ut dolores voluptatem commodi explicabo omnis molestiae consequatur.', 0, '2020-08-30 21:43:24', '2020-08-30 21:43:24'),
(49, 41, 'Ms. Alisha Ernser', 'Voluptatem amet esse accusamus. Assumenda nulla aperiam unde inventore est.', 0, '2020-08-30 21:43:24', '2020-08-30 21:43:24'),
(50, 50, 'Mrs. Jolie Gottlieb V', 'Odio exercitationem culpa harum ipsam fuga est consequatur officiis. In sit exercitationem illo aspernatur ea non. Sed voluptates iste doloribus dolor.', 5, '2020-08-30 21:43:24', '2020-08-30 21:43:24'),
(51, 10, 'Lisa Langosh', 'Qui animi explicabo harum. Quam maiores deserunt harum. Et quaerat eligendi eveniet odit accusantium. Omnis cupiditate possimus rem officiis.', 0, '2020-08-30 21:43:24', '2020-08-30 21:43:24'),
(52, 12, 'Ms. Jermaine Stoltenberg V', 'Ab nesciunt blanditiis ut dolor est. Quod rerum qui optio. Sed aut sunt ab neque laborum cum eos. Rem recusandae ab sed est in temporibus.', 3, '2020-08-30 21:43:24', '2020-08-30 21:43:24'),
(53, 10, 'Marina Rippin', 'Consequuntur facilis non quam incidunt suscipit. Beatae labore officia aut fugiat sint labore veritatis. Sed autem ipsa exercitationem accusantium rerum. Ex excepturi voluptas omnis non ullam excepturi a.', 5, '2020-08-30 21:43:24', '2020-08-30 21:43:24'),
(54, 39, 'Mr. Deangelo Hegmann', 'Recusandae quia et temporibus soluta rem minus non. Sint omnis ut et. Tenetur beatae ipsum quia et.', 5, '2020-08-30 21:43:24', '2020-08-30 21:43:24'),
(55, 16, 'Hollis Beatty', 'Facilis exercitationem libero sit rem quibusdam molestias natus. Animi dolorum dicta dolores impedit ad quas. Animi et suscipit enim assumenda.', 5, '2020-08-30 21:43:24', '2020-08-30 21:43:24'),
(56, 30, 'Mrs. Violette Douglas', 'Perspiciatis eligendi nulla iusto voluptatibus officia odit ut quos. Non dolore excepturi qui dicta porro reiciendis adipisci rem. Aspernatur quas unde et animi voluptatem qui aperiam totam. Dicta vel omnis non ad quis. Temporibus autem veritatis ea sint debitis exercitationem veritatis.', 0, '2020-08-30 21:43:24', '2020-08-30 21:43:24'),
(57, 28, 'Elwin Bradtke III', 'Facere ut esse hic saepe consectetur omnis dolor. Itaque et recusandae aliquid voluptate repellendus sit fugiat.', 3, '2020-08-30 21:43:24', '2020-08-30 21:43:24'),
(58, 15, 'Susana Johnston', 'Nihil laborum fuga et quo. Laborum molestiae et eveniet. Maxime minima officia perferendis. Est perspiciatis est sint dolor. Et laboriosam voluptatem ullam consequuntur provident nam quae et.', 2, '2020-08-30 21:43:24', '2020-08-30 21:43:24'),
(59, 16, 'Prof. Gertrude Koepp III', 'Facilis velit pariatur voluptatibus est ad hic ut magni. Aut voluptatum quia ut voluptatem porro. Nam maxime blanditiis ea autem debitis. Et voluptas quibusdam exercitationem dolore ut repellat possimus.', 2, '2020-08-30 21:43:24', '2020-08-30 21:43:24'),
(60, 21, 'Abigayle Hegmann', 'Aspernatur quis eum mollitia veniam quasi et et. Dolore debitis aperiam ut consectetur ratione. Dolorem accusamus in commodi et veritatis. Voluptas et modi inventore autem.', 1, '2020-08-30 21:43:24', '2020-08-30 21:43:24'),
(61, 2, 'Jamey Herzog', 'Id aspernatur qui deserunt. Deleniti ipsum consequuntur officiis. Commodi quo aut vero eligendi.', 5, '2020-08-30 21:43:24', '2020-08-30 21:43:24'),
(62, 30, 'Dr. Rolando Wilderman', 'Sunt modi voluptatum voluptatem ut cupiditate impedit. Sequi sit praesentium officiis laborum. Quod repellendus dolore eaque doloribus. Excepturi deserunt exercitationem qui qui asperiores esse eum.', 1, '2020-08-30 21:43:24', '2020-08-30 21:43:24'),
(63, 38, 'Horace Anderson', 'Perferendis minus itaque accusantium porro. Provident enim commodi ullam qui sunt praesentium. Enim doloribus consequatur aspernatur quae necessitatibus cupiditate. Nisi sequi exercitationem quia error incidunt voluptas repellendus.', 4, '2020-08-30 21:43:24', '2020-08-30 21:43:24'),
(64, 8, 'Dakota Boyle', 'Eum eum dolorem libero est adipisci vitae officia. Autem totam perspiciatis tenetur eius dolor. Cumque dolor quia hic qui sit. Sequi ea quia dolorem modi et sit consectetur.', 3, '2020-08-30 21:43:24', '2020-08-30 21:43:24'),
(65, 18, 'Theresa Jaskolski Sr.', 'Aut quos omnis praesentium unde. Blanditiis et ut occaecati dicta dolores debitis. Enim sunt quisquam harum quas eius autem. Sit soluta molestiae dolore sed et doloribus. Omnis voluptatum nulla odio ut at.', 4, '2020-08-30 21:43:24', '2020-08-30 21:43:24'),
(66, 50, 'Mrs. Astrid Stark', 'Non hic at recusandae officia aut id qui soluta. Officiis totam ipsum temporibus quis nam perferendis. Illum quia distinctio nobis voluptatem quia ipsum.', 2, '2020-08-30 21:43:24', '2020-08-30 21:43:24'),
(67, 15, 'Mrs. Madonna Konopelski Sr.', 'Corrupti voluptatem consequatur natus necessitatibus. Temporibus cum enim eos explicabo.', 4, '2020-08-30 21:43:24', '2020-08-30 21:43:24'),
(68, 39, 'Prof. Willow Stiedemann MD', 'Explicabo officiis exercitationem ullam velit aliquam molestiae. Voluptatem sed vel corporis aut velit possimus est. Et recusandae unde aperiam aut ratione ipsum. Libero ad unde enim nihil.', 0, '2020-08-30 21:43:24', '2020-08-30 21:43:24'),
(69, 3, 'Loma Kautzer IV', 'Minima mollitia sapiente praesentium animi asperiores. Autem quod id dolorem blanditiis. Odit laborum ut libero odit. Qui nihil accusamus dolorum voluptas.', 1, '2020-08-30 21:43:24', '2020-08-30 21:43:24'),
(70, 12, 'Dr. Horace Kub', 'Cum et veritatis voluptates ea et voluptas. At ullam temporibus quo. Id et tempore corrupti fugiat dignissimos rerum voluptatem porro.', 1, '2020-08-30 21:43:24', '2020-08-30 21:43:24'),
(71, 49, 'Angeline Kunde', 'Laboriosam corrupti harum consectetur placeat est quae aliquid. Quod dolores et quas expedita fuga. Nihil et nihil labore sed praesentium id.', 0, '2020-08-30 21:43:24', '2020-08-30 21:43:24'),
(72, 22, 'Wilber Abbott', 'Laborum modi nesciunt debitis porro consequatur. Reprehenderit veritatis repellendus voluptates iure labore. Totam incidunt quaerat odit temporibus reprehenderit dolores.', 2, '2020-08-30 21:43:24', '2020-08-30 21:43:24'),
(73, 11, 'Izaiah Kshlerin', 'Est voluptas sit occaecati dicta enim magnam et. Aut eius rerum accusamus nisi non aliquid quas. Ipsam dolorem et error praesentium est adipisci. Quisquam expedita soluta ratione itaque quisquam qui.', 1, '2020-08-30 21:43:24', '2020-08-30 21:43:24'),
(74, 35, 'Mr. Roman Kunde', 'Culpa similique et commodi voluptatibus odit velit in. Voluptatem cumque sed atque. Eum quasi est ut enim rerum. Voluptatum rem dignissimos eum.', 0, '2020-08-30 21:43:24', '2020-08-30 21:43:24'),
(75, 17, 'Lester Mitchell', 'Maxime omnis sunt tempora et et minima earum. Provident porro deleniti nemo quo quia totam eligendi.', 4, '2020-08-30 21:43:24', '2020-08-30 21:43:24'),
(76, 38, 'Delfina Leuschke', 'Facilis natus voluptate eos facere. Autem nostrum et ut.', 1, '2020-08-30 21:43:24', '2020-08-30 21:43:24'),
(77, 45, 'Dwight Zieme', 'Et enim praesentium ut et sequi qui architecto saepe. Doloribus aut libero neque numquam eaque tempore sapiente. Eius modi quia neque maiores facere ipsam. Nemo placeat neque enim saepe.', 2, '2020-08-30 21:43:24', '2020-08-30 21:43:24'),
(78, 34, 'Dr. Madie Sanford Sr.', 'Doloribus fugit autem rerum qui fugiat expedita. Animi voluptas omnis ad occaecati facilis et et. Ullam eius rerum non in autem suscipit soluta. Est id et esse dolore et.', 4, '2020-08-30 21:43:24', '2020-08-30 21:43:24'),
(79, 43, 'Candace Ward', 'Dolorem unde optio quod et nihil quod aut. Laboriosam eum laudantium ut nesciunt et. Earum qui fugit laboriosam dolores eum. Voluptas optio est quia modi maxime dolorem.', 2, '2020-08-30 21:43:24', '2020-08-30 21:43:24'),
(80, 6, 'Ulises Hane', 'Dolor modi possimus fugit. Alias sint et nihil eligendi. Repellendus illum perspiciatis eum laborum illo laboriosam. Et voluptas officia facilis et. Soluta et voluptas ipsam pariatur ea similique architecto.', 3, '2020-08-30 21:43:24', '2020-08-30 21:43:24'),
(81, 34, 'Chaim Hintz', 'Incidunt quasi sit aperiam consequatur eos consequuntur delectus. Rem vero non iste ut itaque ducimus sed. Est nihil est dignissimos nam illum beatae. Occaecati fuga quam optio animi fuga ex dolorum consequatur. Autem iusto qui id a fugit dolores ratione laborum.', 4, '2020-08-30 21:43:24', '2020-08-30 21:43:24'),
(82, 9, 'Dariana Fadel', 'Harum quae sequi quo culpa rem. Dicta hic vel ut ducimus odit officia sequi.', 2, '2020-08-30 21:43:24', '2020-08-30 21:43:24'),
(83, 1, 'Alexandria Turner', 'Aliquid necessitatibus doloremque a veritatis minima. Consequatur dolore quia tenetur ad.', 4, '2020-08-30 21:43:24', '2020-08-30 21:43:24'),
(84, 46, 'Jazmyn Reilly', 'Accusamus quibusdam porro pariatur. Dolor laboriosam perferendis est maxime vero. Quasi sit aut quia qui blanditiis.', 2, '2020-08-30 21:43:24', '2020-08-30 21:43:24'),
(85, 18, 'Prof. Ivah Kuhn', 'Nemo eligendi nemo blanditiis id minus ut beatae. Dolorem culpa omnis aliquid ut. Blanditiis in id eos ipsa facere consectetur itaque. Ut ipsum et laudantium veniam dicta.', 0, '2020-08-30 21:43:24', '2020-08-30 21:43:24'),
(86, 24, 'Jason Cassin IV', 'Facilis et dicta ipsum eos. Explicabo enim architecto tenetur vel debitis possimus. Sit vel pariatur commodi. Harum excepturi neque consequuntur dolore voluptatem.', 0, '2020-08-30 21:43:24', '2020-08-30 21:43:24'),
(87, 15, 'Julianne Parisian', 'Occaecati et dolorem ea et corrupti. Omnis qui non distinctio nobis. Vitae labore et porro quia eligendi atque itaque. Excepturi necessitatibus aut doloremque necessitatibus voluptas.', 4, '2020-08-30 21:43:24', '2020-08-30 21:43:24'),
(88, 5, 'Tad Beer', 'Omnis non minima eos et. Adipisci molestiae ut aut rerum adipisci qui ut.', 1, '2020-08-30 21:43:24', '2020-08-30 21:43:24'),
(89, 2, 'Cyrus Schneider', 'Excepturi sint dolor et illo sit. Et beatae ut eaque earum nulla.', 5, '2020-08-30 21:43:24', '2020-08-30 21:43:24'),
(90, 38, 'Ms. Angelina Bins', 'Sed exercitationem suscipit minima illo cum. Eligendi voluptatum alias exercitationem asperiores voluptatem omnis. Iure minima quo ea ut perferendis. Quia occaecati suscipit veritatis.', 0, '2020-08-30 21:43:24', '2020-08-30 21:43:24'),
(91, 44, 'Prof. Lexie Jerde DVM', 'Adipisci dolorum ad quasi dolorem quisquam voluptatem. Unde voluptas consectetur impedit labore. Fugit velit hic repellendus necessitatibus. Quod consequatur nihil aliquam odio atque sunt.', 2, '2020-08-30 21:43:24', '2020-08-30 21:43:24'),
(92, 31, 'Dr. Charley O\'Hara', 'In ut enim est aut est accusamus eos. Non ut impedit earum doloribus et sed. Voluptas reiciendis unde culpa ipsam est qui fugiat tempora.', 4, '2020-08-30 21:43:24', '2020-08-30 21:43:24'),
(93, 50, 'Izaiah Nikolaus', 'Praesentium dolorem quo magnam. Enim fugiat enim corporis. Aut assumenda accusamus porro ut et maxime. Inventore voluptatibus ratione atque qui aut qui.', 4, '2020-08-30 21:43:24', '2020-08-30 21:43:24'),
(94, 35, 'Allan Blick', 'Harum qui qui non aperiam corporis. Molestiae nulla et officia magni mollitia nostrum quod ad. Illo rerum non laudantium iusto odit quibusdam. Voluptate dicta non sed eaque ut. Eaque eos facilis beatae ipsum beatae impedit.', 5, '2020-08-30 21:43:24', '2020-08-30 21:43:24'),
(95, 24, 'Audrey Heller', 'Quos architecto voluptas placeat. Id fuga odio est provident blanditiis animi. Error impedit expedita aperiam corporis alias dolor possimus. Ad debitis error tenetur incidunt quibusdam vitae ut.', 0, '2020-08-30 21:43:25', '2020-08-30 21:43:25'),
(96, 20, 'Jayda Schinner I', 'Tempora magnam consequatur molestiae minima necessitatibus. Aut qui officiis voluptatum eaque alias. Ea occaecati magnam tenetur sint eaque voluptates et.', 4, '2020-08-30 21:43:25', '2020-08-30 21:43:25'),
(97, 23, 'Natalia Padberg', 'Accusamus nihil iste est voluptatem quae omnis. Est officia est delectus qui voluptatem fugiat exercitationem. Ut et quia provident laboriosam laboriosam.', 0, '2020-08-30 21:43:25', '2020-08-30 21:43:25'),
(98, 22, 'Ashleigh Kassulke', 'Quas repellendus maiores sint. Nihil dolorum consequatur qui qui perferendis ut et. Quaerat ea excepturi repellendus saepe earum. Nisi culpa fugit hic eos unde in.', 0, '2020-08-30 21:43:25', '2020-08-30 21:43:25'),
(99, 37, 'Prof. Ignacio Cremin', 'Porro ut ipsam sit ut voluptatem. Incidunt harum autem dolorem voluptatem aperiam sequi. Voluptatem occaecati repellat adipisci.', 4, '2020-08-30 21:43:25', '2020-08-30 21:43:25'),
(100, 50, 'Margaretta Strosin Sr.', 'Consequatur perspiciatis ipsum esse. Minus similique nisi odit voluptatem aperiam et.', 3, '2020-08-30 21:43:25', '2020-08-30 21:43:25'),
(101, 31, 'Mrs. Dianna Von', 'Placeat est labore repudiandae temporibus. Maiores enim laboriosam eos magnam. Aspernatur illum aut nihil beatae autem non repudiandae sed. Excepturi facilis beatae quia velit odio.', 3, '2020-08-30 21:43:25', '2020-08-30 21:43:25'),
(102, 21, 'Rey Corwin', 'Ad est adipisci doloremque nam sit odio et. Ut ut aut qui est quae. Ipsa voluptatem voluptates qui.', 3, '2020-08-30 21:43:25', '2020-08-30 21:43:25'),
(103, 30, 'Jazmin Haag DVM', 'Fugit nihil enim est voluptates. Veritatis ipsam alias perferendis. Pariatur illum modi nesciunt. Nemo et occaecati sed iure est porro illum.', 3, '2020-08-30 21:43:25', '2020-08-30 21:43:25'),
(104, 31, 'Dr. Norberto Schmitt V', 'Illo dolor dolor aut ullam eum aut possimus quo. Voluptatem voluptas tempora non rerum veritatis a. Consequatur et est sint quia amet quod. Aut aut illum aut totam animi. Culpa officia iste omnis nam sunt quam repudiandae.', 3, '2020-08-30 21:43:25', '2020-08-30 21:43:25'),
(105, 17, 'Dr. Willow Dietrich', 'Fugit tempore ea odio exercitationem aliquam quo quos recusandae. Molestiae quo nobis nisi sapiente nisi. Quisquam rem amet pariatur blanditiis et et quis.', 5, '2020-08-30 21:43:25', '2020-08-30 21:43:25'),
(106, 5, 'Jaleel Hauck', 'Ea qui molestias aut vel et nostrum quam molestiae. Voluptatibus sed architecto omnis et reiciendis et voluptatem. Corrupti ipsam officia ut sequi saepe. Nihil quidem aliquid sed corrupti.', 0, '2020-08-30 21:43:25', '2020-08-30 21:43:25'),
(107, 44, 'Elody Gislason', 'Vel aspernatur quae qui consectetur reiciendis cum. Ipsa est sunt est esse architecto natus. Dignissimos dolores esse deleniti non debitis sit non aut. Nobis consequuntur laborum in ipsum cupiditate rem.', 3, '2020-08-30 21:43:25', '2020-08-30 21:43:25'),
(108, 20, 'Creola Swift', 'Occaecati error veritatis perspiciatis sit aut tempora. Molestias ipsa cupiditate iusto doloremque et. Quia iure nisi consequatur.', 2, '2020-08-30 21:43:25', '2020-08-30 21:43:25'),
(109, 11, 'Destin Kirlin', 'Accusantium ut exercitationem esse. Molestiae vero sed odio. Sint placeat voluptatem sed corrupti eaque. Aut quia quia et ut laudantium debitis voluptates.', 1, '2020-08-30 21:43:25', '2020-08-30 21:43:25'),
(110, 16, 'Prof. Garrett Skiles IV', 'Animi molestiae vel dolore molestias ut omnis repudiandae. Autem nobis cumque ea et. Id quae saepe tenetur natus perferendis sit vero laboriosam. Expedita laboriosam voluptate illo accusantium veritatis et repellat. Molestias magni voluptas adipisci qui aut atque.', 5, '2020-08-30 21:43:25', '2020-08-30 21:43:25'),
(111, 37, 'Mrs. Hassie Bednar DDS', 'Eos laudantium perspiciatis hic nostrum. Qui et eligendi odit porro enim suscipit voluptas. Dolor voluptate quam hic ipsam aut.', 5, '2020-08-30 21:43:25', '2020-08-30 21:43:25'),
(112, 32, 'Mariana Zieme', 'Maxime libero perferendis labore tenetur. Nobis qui optio est voluptatem at. Quisquam officia veniam atque est eum et. Ea consequatur quidem ullam et quia. Et nisi et sit animi facere.', 3, '2020-08-30 21:43:25', '2020-08-30 21:43:25'),
(113, 24, 'Eleonore Walsh PhD', 'Ullam aut nemo officia maiores minima ut voluptas. Aut in suscipit laboriosam est porro tempora ullam. Non eum quo aspernatur eos. Amet tenetur earum eos tempore recusandae doloribus incidunt provident.', 4, '2020-08-30 21:43:25', '2020-08-30 21:43:25'),
(114, 19, 'Olin Zieme', 'Culpa porro et voluptates eum ad aut. Et quos id natus beatae nisi porro. Perferendis vel quas sed aut tempora occaecati.', 1, '2020-08-30 21:43:25', '2020-08-30 21:43:25'),
(115, 33, 'Dr. Rae Gulgowski Sr.', 'Sunt dolor possimus nihil laudantium aut doloremque et sit. Neque laudantium sint optio magnam incidunt sed. Eligendi libero magni sunt.', 3, '2020-08-30 21:43:25', '2020-08-30 21:43:25'),
(116, 16, 'Grady Cummerata Jr.', 'A iste fugit fugiat voluptatem qui quae. Quam magni facilis incidunt. Qui incidunt dolor qui est magni. Occaecati sit placeat ea repudiandae fugit.', 4, '2020-08-30 21:43:25', '2020-08-30 21:43:25'),
(117, 49, 'Ms. Elise Conn', 'Provident quos cum voluptas magnam. Similique qui modi qui sit rerum sequi doloribus et. Dolores blanditiis voluptate molestiae deserunt animi nisi. Qui omnis saepe quisquam tenetur consequuntur optio.', 3, '2020-08-30 21:43:25', '2020-08-30 21:43:25'),
(118, 8, 'Demarco Lubowitz II', 'Dolorem molestias et qui hic optio commodi aliquid. Amet quia hic quae error amet voluptatibus voluptate. Voluptatum id sed voluptatem nobis. Itaque qui ad tempora consequatur.', 0, '2020-08-30 21:43:25', '2020-08-30 21:43:25'),
(119, 28, 'Dandre Fritsch IV', 'Fuga earum pariatur omnis sed saepe et. Rerum pariatur beatae commodi impedit. Temporibus aliquid debitis explicabo voluptatem. Aliquid facilis quia veritatis mollitia et consequatur.', 0, '2020-08-30 21:43:25', '2020-08-30 21:43:25'),
(120, 13, 'Mr. Merlin Bashirian IV', 'Rem eaque quam saepe minus velit illum. Assumenda ut quis nemo velit molestiae. Non et provident magnam incidunt quas. Dolorem repellendus non illum voluptatem officia consequatur iusto. Dolorem vero omnis veritatis quis enim qui iusto.', 1, '2020-08-30 21:43:25', '2020-08-30 21:43:25'),
(121, 29, 'Kacey Kulas', 'Assumenda aut ut hic ut facere rerum. Soluta et consequatur ullam eum. Id praesentium repudiandae sed ipsum beatae ut ut.', 3, '2020-08-30 21:43:25', '2020-08-30 21:43:25'),
(122, 38, 'Erin Schaefer', 'Reiciendis ut suscipit ex ad qui sapiente. Ut consequatur reprehenderit voluptates nostrum maiores aliquam. Quisquam aut ullam quisquam possimus consequatur. Rerum numquam illum qui sit minima cupiditate. Quo minus dolor soluta omnis.', 0, '2020-08-30 21:43:25', '2020-08-30 21:43:25'),
(123, 19, 'Linnea Bergnaum MD', 'Et animi eaque consequatur eos a aut. Aliquam ea eum illo perferendis veritatis mollitia voluptatem. Facere qui laborum porro.', 2, '2020-08-30 21:43:25', '2020-08-30 21:43:25'),
(124, 11, 'Alisa Thompson', 'Amet doloribus eos mollitia ut sunt ipsum. Quisquam et minus fugiat asperiores quia repellendus. Iste libero rem qui debitis enim ut ratione.', 1, '2020-08-30 21:43:25', '2020-08-30 21:43:25'),
(125, 14, 'Zachary Nikolaus', 'Nihil deleniti sequi enim dicta ut aut. Quia quia quos accusamus tempora est eos esse.', 2, '2020-08-30 21:43:25', '2020-08-30 21:43:25'),
(126, 28, 'Jimmy Christiansen IV', 'Aliquid aliquam eligendi perferendis blanditiis ex. Dolore nam tempora dolores qui. Sed ipsam veniam velit eaque sed earum dolores. Non impedit corrupti perspiciatis eum.', 2, '2020-08-30 21:43:25', '2020-08-30 21:43:25'),
(127, 41, 'Mattie Hickle', 'Libero doloribus animi autem voluptas. Nemo dolor autem necessitatibus corporis aperiam est optio. Excepturi inventore enim quia aut repellendus nesciunt nemo maxime.', 1, '2020-08-30 21:43:25', '2020-08-30 21:43:25'),
(128, 22, 'Ebba Adams', 'Autem perspiciatis repellat consectetur. At et a ab et perspiciatis sapiente. Et cumque aut repellendus beatae.', 5, '2020-08-30 21:43:25', '2020-08-30 21:43:25'),
(129, 35, 'Prof. Johnny Fisher III', 'Aut sint ut tempore. Doloribus nesciunt enim necessitatibus est repellat nisi doloremque autem. Illo rerum quos sint rerum.', 5, '2020-08-30 21:43:25', '2020-08-30 21:43:25'),
(130, 5, 'Ms. Billie Hirthe', 'Nemo aut ea ad omnis. Delectus ducimus sit nihil. Facere neque est dolorem quia alias eius.', 1, '2020-08-30 21:43:25', '2020-08-30 21:43:25'),
(131, 26, 'Cordie Deckow', 'Est repudiandae voluptas dolorum sit amet veritatis nulla sint. Voluptates ut dolores quaerat id eum aliquam. Rerum quas accusantium provident delectus corporis.', 5, '2020-08-30 21:43:25', '2020-08-30 21:43:25'),
(132, 7, 'Marilie King', 'Repellendus temporibus est facilis voluptatum reiciendis quas illum. Sed a consequuntur molestiae delectus itaque adipisci praesentium. Officia temporibus molestias qui officia quasi minus ducimus. Et quaerat nisi iure.', 0, '2020-08-30 21:43:25', '2020-08-30 21:43:25'),
(133, 26, 'Meggie Upton', 'Optio sint deleniti qui mollitia assumenda. Ut ex consequatur amet qui. Corporis quia voluptatem voluptas hic.', 5, '2020-08-30 21:43:25', '2020-08-30 21:43:25'),
(134, 18, 'Keyon Kuhlman', 'Dolores atque dolor beatae qui explicabo. Quo cumque exercitationem voluptatum rerum aut quod est. Quasi ea asperiores qui et quibusdam nihil voluptatibus. Cupiditate inventore qui error commodi incidunt impedit consequuntur.', 5, '2020-08-30 21:43:25', '2020-08-30 21:43:25'),
(135, 33, 'Verna Ritchie', 'Aut neque voluptas repellat accusantium veniam. Ullam rem voluptatem quisquam ex ut ut aut reiciendis. Ea iste nisi sed aut eveniet et similique minus. Eum illo ipsum quae aliquam autem. Neque voluptate temporibus vitae.', 0, '2020-08-30 21:43:25', '2020-08-30 21:43:25'),
(136, 5, 'Mrs. Judy Rosenbaum', 'Occaecati et tenetur blanditiis provident. Asperiores quasi tempora quos.', 0, '2020-08-30 21:43:25', '2020-08-30 21:43:25'),
(137, 38, 'Mr. Abelardo Kub I', 'Quibusdam id sint exercitationem earum eos numquam. Sint officiis exercitationem dolore quia voluptates.', 1, '2020-08-30 21:43:25', '2020-08-30 21:43:25'),
(138, 1, 'Breanne Baumbach', 'Temporibus dolor quasi neque doloribus ullam quisquam. Sapiente amet quis dolorem cupiditate earum ratione. Voluptatem occaecati perspiciatis inventore qui maiores soluta.', 0, '2020-08-30 21:43:25', '2020-08-30 21:43:25'),
(139, 45, 'Kennith Thiel II', 'Sequi repellendus dolor in perferendis rerum ut. Est repellendus sit qui delectus tempora. Distinctio qui pariatur praesentium eum fugit quos officia. Eos pariatur est excepturi accusantium repudiandae.', 0, '2020-08-30 21:43:25', '2020-08-30 21:43:25'),
(140, 32, 'Dedrick Stroman', 'Praesentium voluptas natus corporis vel. Nostrum tempore dolores optio sed. Reprehenderit labore enim ut error laborum beatae. Et quo at vitae sed.', 3, '2020-08-30 21:43:25', '2020-08-30 21:43:25'),
(141, 13, 'Domenico Rodriguez', 'Cupiditate repudiandae rerum corrupti illo rem et officia dolor. Commodi iusto in et soluta. Quas reprehenderit quos quam mollitia nesciunt nihil dolorem. Sint enim ex natus necessitatibus provident.', 4, '2020-08-30 21:43:25', '2020-08-30 21:43:25'),
(142, 19, 'Garrison Toy', 'Iste est esse qui. Ut aspernatur autem ut aspernatur incidunt. Quia quae sapiente necessitatibus rerum voluptas iure. Neque voluptatum eos quia corrupti asperiores et.', 0, '2020-08-30 21:43:25', '2020-08-30 21:43:25'),
(143, 50, 'Rhianna Lemke', 'Sint rerum et adipisci dolorem praesentium et velit. Exercitationem ut vitae voluptas ab quibusdam aut minus. Impedit exercitationem animi voluptatem voluptatibus est incidunt et.', 4, '2020-08-30 21:43:25', '2020-08-30 21:43:25'),
(144, 4, 'Sebastian Balistreri', 'Possimus debitis aut corrupti ad numquam officiis. Quia est pariatur nam non inventore inventore eos. Voluptas iure nihil libero sed sapiente vitae sed. Sunt corrupti ea consectetur harum est cumque asperiores.', 4, '2020-08-30 21:43:25', '2020-08-30 21:43:25'),
(145, 50, 'Kayla O\'Keefe', 'Autem quod animi harum officia voluptatem id enim sed. Perferendis dicta nesciunt quis voluptatem quae sed in. Voluptatum ea non sed.', 5, '2020-08-30 21:43:25', '2020-08-30 21:43:25'),
(146, 34, 'Jeremy Upton IV', 'Voluptatem vero consectetur facere labore aut placeat. Error quibusdam eius sunt dolorem blanditiis non laborum nulla. Dolor in eaque sit quidem magnam modi natus. Voluptatum consequatur velit recusandae. Molestiae sunt aut unde aliquid culpa consequatur.', 1, '2020-08-30 21:43:25', '2020-08-30 21:43:25'),
(147, 48, 'Prof. Brendon Fadel IV', 'Aperiam illum nam nisi et quia quidem. Ad in et tempore dolorem.', 5, '2020-08-30 21:43:26', '2020-08-30 21:43:26'),
(148, 12, 'Lavina Hoppe', 'Hic quos ut dolore soluta quia quod doloribus. Ab harum earum voluptatem consequatur eligendi provident.', 0, '2020-08-30 21:43:26', '2020-08-30 21:43:26'),
(149, 18, 'Orville Lehner', 'Eius ratione recusandae qui doloribus. Veniam facere perspiciatis minus aliquid natus sed.', 2, '2020-08-30 21:43:26', '2020-08-30 21:43:26'),
(150, 32, 'Cordia Hyatt', 'Voluptatem sunt aspernatur aut alias quae. Est quia dolores consectetur. Soluta aspernatur sit inventore veritatis ea autem architecto laborum. Enim et aperiam eum.', 3, '2020-08-30 21:43:26', '2020-08-30 21:43:26'),
(151, 31, 'Mathilde Lakin', 'Est reprehenderit hic dolorum similique fugit. Ut praesentium perspiciatis nesciunt est tenetur. Neque sit et ipsam eos ipsa quis et. Impedit odit magni aut voluptas.', 0, '2020-08-30 21:43:26', '2020-08-30 21:43:26'),
(152, 28, 'Liliana Steuber', 'Quibusdam molestiae perspiciatis beatae inventore nesciunt provident. Ut adipisci aliquam quam ab. Expedita vel provident quidem sed eum officia. Occaecati dolores corporis et non voluptatem accusamus voluptas. In hic consequuntur ut quam.', 1, '2020-08-30 21:43:26', '2020-08-30 21:43:26'),
(153, 28, 'Elnora Cassin Jr.', 'Dolor delectus cupiditate velit. Sequi aliquid nisi et incidunt cupiditate distinctio. Exercitationem fugiat optio sunt laboriosam ratione. Nostrum ab asperiores a dolor.', 4, '2020-08-30 21:43:26', '2020-08-30 21:43:26'),
(154, 36, 'Destini Powlowski', 'Omnis consequatur nostrum qui amet autem ad architecto. Occaecati quibusdam mollitia sit quo enim perspiciatis. Doloribus in aut voluptas dignissimos ut. Consequuntur voluptatem error aspernatur sint.', 2, '2020-08-30 21:43:26', '2020-08-30 21:43:26'),
(155, 19, 'Ursula Treutel', 'Voluptatibus odit exercitationem sit aspernatur sint ipsum. Non iste et veniam et quo quam quia. Et aperiam accusantium rerum id consectetur.', 4, '2020-08-30 21:43:26', '2020-08-30 21:43:26'),
(156, 22, 'Karine Corkery', 'Maxime eius totam cum. Autem doloribus sit minima. Eos aperiam laudantium quaerat officiis sed recusandae est. Architecto et sed et fugit atque voluptate dicta.', 4, '2020-08-30 21:43:27', '2020-08-30 21:43:27'),
(157, 24, 'Miss Felicita Roob', 'Laudantium aut odit commodi rerum asperiores veritatis omnis. Dolor quos mollitia sint. Vel occaecati tempora velit voluptas harum. Voluptas laboriosam officia id modi magni.', 3, '2020-08-30 21:43:27', '2020-08-30 21:43:27'),
(158, 41, 'Prof. Fay Smith MD', 'Voluptatem dicta vel aspernatur quos esse exercitationem recusandae. Voluptate accusantium voluptates inventore ut officiis. Molestias sapiente quo neque.', 0, '2020-08-30 21:43:27', '2020-08-30 21:43:27'),
(159, 7, 'Laverna Auer', 'Quis dolores velit dolor consequatur aliquid et sed. Magnam sed neque quidem. Sint pariatur enim voluptatem accusantium saepe ea sed. Est reiciendis tenetur consequatur ex assumenda magnam.', 3, '2020-08-30 21:43:27', '2020-08-30 21:43:27'),
(160, 5, 'Dr. Pearl Abshire', 'Recusandae aut quisquam ullam vitae. Voluptatum reprehenderit aut esse doloribus. Cumque dolore dolore sint quas. Qui qui a fuga quis laboriosam voluptatibus. Eos quasi ipsa aliquam et et aut.', 4, '2020-08-30 21:43:27', '2020-08-30 21:43:27'),
(161, 11, 'Clemmie Bernier', 'Est nihil consequatur ut eligendi error vel. Sint non error dolore aut at cum voluptatum. Sit perferendis sunt aspernatur sint at est. Expedita et magnam nihil voluptatem eius qui dolores et.', 4, '2020-08-30 21:43:27', '2020-08-30 21:43:27'),
(162, 6, 'Tate Wuckert', 'Atque voluptatem quia quod optio. Facilis consequuntur porro dolore quibusdam accusamus suscipit voluptas. Nesciunt nihil voluptatem porro amet enim assumenda. Non voluptate aut perferendis exercitationem eaque molestiae rem molestiae.', 1, '2020-08-30 21:43:28', '2020-08-30 21:43:28'),
(163, 39, 'Noelia Reinger', 'A ad placeat nemo possimus facilis repudiandae. Aut voluptatum neque eveniet dolore cumque odio. Voluptatem alias fuga debitis adipisci.', 5, '2020-08-30 21:43:28', '2020-08-30 21:43:28'),
(164, 21, 'Stephania Homenick', 'Ut eos cupiditate sunt et dignissimos quo sunt tenetur. Laboriosam quo et ex tempore qui earum. Quasi at molestias molestiae sequi labore ab.', 4, '2020-08-30 21:43:28', '2020-08-30 21:43:28'),
(165, 9, 'Jovan Casper', 'Doloremque veritatis eius perspiciatis aut in mollitia. Possimus adipisci maxime adipisci consequatur. Et nostrum deleniti consequatur officia dignissimos rerum eum amet.', 5, '2020-08-30 21:43:28', '2020-08-30 21:43:28'),
(166, 50, 'Jaleel Trantow', 'Quasi aliquid facere est alias deserunt dolores qui. Asperiores sunt consectetur deleniti repudiandae. Asperiores sunt dolorem omnis laudantium nihil ex. Dolor officiis odit qui architecto accusamus iusto.', 4, '2020-08-30 21:43:28', '2020-08-30 21:43:28'),
(167, 24, 'Prof. Brycen Grimes DDS', 'Libero architecto et tempora veritatis iste neque. Est nisi quaerat blanditiis quos non molestias eius. Quidem voluptates dolor magni omnis.', 2, '2020-08-30 21:43:28', '2020-08-30 21:43:28'),
(168, 50, 'Monte Deckow', 'Enim eos aut iure doloremque commodi quo. Magnam dolore non molestiae sit quasi quibusdam sint.', 4, '2020-08-30 21:43:28', '2020-08-30 21:43:28'),
(169, 43, 'Kaitlin McLaughlin', 'Id omnis maiores nulla porro qui. Est non voluptatibus quas consequatur consequuntur eum sapiente. Deleniti a sed dolorum eligendi. Quam accusamus provident voluptatum quis cum accusantium.', 3, '2020-08-30 21:43:28', '2020-08-30 21:43:28'),
(170, 16, 'Mozell Brown', 'Quasi molestiae magni quo doloribus vitae qui. Impedit autem aut at et necessitatibus maxime rem.', 4, '2020-08-30 21:43:28', '2020-08-30 21:43:28'),
(171, 28, 'Bennie Roberts', 'Rerum facilis aspernatur saepe culpa ut aut. Pariatur dolorem labore nulla quaerat sapiente inventore eum. Ad ipsa possimus omnis aut. Dolorum ducimus dolor aut sapiente magnam.', 5, '2020-08-30 21:43:28', '2020-08-30 21:43:28'),
(172, 44, 'Florida Goldner IV', 'Tempora hic consequatur et culpa voluptas doloribus ea. Minima delectus cupiditate blanditiis quo dolorum aut et. Numquam cumque quo reiciendis dolores minus. Est accusamus laborum est atque facere.', 1, '2020-08-30 21:43:28', '2020-08-30 21:43:28'),
(173, 22, 'Prof. Jettie Rempel', 'Sed laboriosam consequatur natus ipsum quis officiis veritatis. Incidunt illo enim sunt libero sed optio molestiae perferendis. Perspiciatis labore aut dolores rerum est eveniet ab qui. Ipsam non rerum maxime harum est.', 1, '2020-08-30 21:43:28', '2020-08-30 21:43:28'),
(174, 19, 'Arnaldo Glover', 'Sunt et distinctio nobis laudantium accusantium et. Et sunt provident expedita quo.', 3, '2020-08-30 21:43:28', '2020-08-30 21:43:28'),
(175, 4, 'Gladys Hills', 'Ut omnis harum necessitatibus vero. Laudantium voluptatem temporibus molestiae labore qui. Eum pariatur voluptatem qui fuga eveniet.', 4, '2020-08-30 21:43:29', '2020-08-30 21:43:29'),
(176, 5, 'Berniece Waters', 'Ipsam veritatis sequi repellendus doloribus nostrum perspiciatis labore ut. Dicta qui et consequatur quas corrupti dolorem. Quas et ratione repellendus libero et. Et quia reprehenderit officiis cumque temporibus nobis qui.', 4, '2020-08-30 21:43:29', '2020-08-30 21:43:29'),
(177, 44, 'Dr. Minnie Rogahn MD', 'Officia quia libero laudantium quaerat porro id magni. Eaque voluptatem alias a deserunt. Alias est veniam minus recusandae ut quibusdam.', 1, '2020-08-30 21:43:29', '2020-08-30 21:43:29'),
(178, 34, 'Graciela Batz', 'Incidunt consequatur consequatur possimus et. Corporis commodi est rerum qui et. Nihil impedit voluptatem porro pariatur perferendis ea ut. Cum modi pariatur eveniet non et voluptatem minima.', 0, '2020-08-30 21:43:29', '2020-08-30 21:43:29'),
(179, 7, 'King Botsford', 'Odit sit est magni omnis modi aut doloremque. Laboriosam est aspernatur similique aut quia eveniet. Voluptatem itaque dolor optio ipsam illo. Commodi et maxime similique vel voluptatem quibusdam.', 3, '2020-08-30 21:43:29', '2020-08-30 21:43:29'),
(180, 23, 'Willis Cole', 'Et magni non ab consectetur. Quia unde sequi quaerat itaque autem assumenda dolores. Nobis commodi quo ea aspernatur. Pariatur quidem et reprehenderit est illum quae.', 3, '2020-08-30 21:43:29', '2020-08-30 21:43:29'),
(181, 34, 'Reymundo Schimmel', 'Assumenda quia dolores debitis. Non minima aut ea. Rerum nostrum quam tempora incidunt accusamus qui provident. Qui aliquam maxime est voluptatem rem esse rerum. Quis rerum quis enim.', 4, '2020-08-30 21:43:29', '2020-08-30 21:43:29'),
(182, 12, 'Maud Welch', 'Laudantium sed voluptate qui veritatis dolorum ut vitae blanditiis. Vitae ut iste esse sapiente aut. Fuga optio et voluptas.', 3, '2020-08-30 21:43:29', '2020-08-30 21:43:29'),
(183, 46, 'Prof. Ora Nicolas', 'Molestiae atque quaerat in eos harum et ducimus. Repellat perferendis qui sapiente sequi accusantium. Et eveniet tempore animi. Qui ut in mollitia officiis veniam molestias ad.', 2, '2020-08-30 21:43:29', '2020-08-30 21:43:29'),
(184, 16, 'Crystal Bosco', 'Cupiditate error delectus quasi esse quia facilis. Consequatur qui nisi atque molestiae aut et rerum. Sunt veritatis laboriosam numquam nostrum enim asperiores aliquam.', 1, '2020-08-30 21:43:29', '2020-08-30 21:43:29'),
(185, 46, 'Delaney Ondricka', 'Tempora dolore consequatur laudantium. Eos perspiciatis officia officia animi reiciendis repellat quia. Similique dolorum non velit tempora voluptatibus. Omnis id dignissimos suscipit ut voluptatum sit iste libero. Ipsum aperiam eligendi qui iure et voluptatum.', 3, '2020-08-30 21:43:29', '2020-08-30 21:43:29'),
(186, 43, 'Dr. Lucius Stracke', 'Velit at velit fugiat. Et sed ut blanditiis sit autem occaecati. Fugit laborum fugiat molestiae officia.', 2, '2020-08-30 21:43:29', '2020-08-30 21:43:29'),
(187, 31, 'Darwin Roberts DVM', 'Ad modi ea illum alias accusantium praesentium minus. Sed culpa veritatis culpa recusandae qui hic autem. Nihil molestiae harum quo. Odit molestiae voluptatum explicabo molestiae tenetur minima veritatis omnis.', 3, '2020-08-30 21:43:29', '2020-08-30 21:43:29'),
(188, 15, 'Reynold Cronin', 'Autem veritatis non eos provident earum nam. Qui voluptatum sed quasi nostrum illo rem dolore. Autem vel et est quas aut quidem.', 4, '2020-08-30 21:43:29', '2020-08-30 21:43:29'),
(189, 28, 'Marjolaine Gorczany', 'Vero ex qui expedita. Culpa quibusdam nostrum qui facilis ut soluta beatae. Quae quo vero est est.', 3, '2020-08-30 21:43:29', '2020-08-30 21:43:29'),
(190, 4, 'Mrs. Lisa Williamson', 'Praesentium dolor asperiores voluptas facere culpa. Consectetur natus ipsum odio et voluptas sed. Maiores distinctio ullam provident ipsum nihil consequatur.', 2, '2020-08-30 21:43:29', '2020-08-30 21:43:29'),
(191, 42, 'Tessie Schinner MD', 'Veritatis enim asperiores veniam minima quis accusamus. Numquam ut voluptates similique fugiat perspiciatis aut. Dolor aperiam vel debitis delectus id in molestiae facere. Quia ut et voluptatem est cum quas unde necessitatibus.', 4, '2020-08-30 21:43:29', '2020-08-30 21:43:29'),
(192, 43, 'Deborah Gerlach', 'Sunt accusantium tenetur qui dolor architecto velit. Est eos et omnis in aut. Natus qui omnis non.', 0, '2020-08-30 21:43:29', '2020-08-30 21:43:29'),
(193, 2, 'Cecil Paucek', 'Architecto asperiores provident minus quidem expedita ut. Quasi unde veritatis qui dolores aperiam veritatis est. Culpa vel voluptas quisquam ipsam eveniet. Inventore cupiditate eum reprehenderit commodi molestiae nobis ipsa.', 5, '2020-08-30 21:43:29', '2020-08-30 21:43:29'),
(194, 24, 'Ezra Wiegand', 'Illum accusantium non aut magnam in consequatur. Odio vero doloremque est vitae tenetur. Ullam modi quia quaerat mollitia provident optio quos.', 0, '2020-08-30 21:43:29', '2020-08-30 21:43:29'),
(195, 14, 'Mr. Hugh Wunsch', 'Earum non excepturi unde inventore debitis quos. Ex ut corporis fugit esse. Minima amet et aut officia quam.', 2, '2020-08-30 21:43:29', '2020-08-30 21:43:29'),
(196, 22, 'Heath Halvorson V', 'Ut adipisci dolores ut qui adipisci placeat quo reprehenderit. Temporibus eum facere facere odio ut a eligendi praesentium. Ullam ut libero officiis sequi atque.', 3, '2020-08-30 21:43:29', '2020-08-30 21:43:29'),
(197, 43, 'Camylle Yost', 'Id illum animi dignissimos tempora delectus. Ut quisquam officiis distinctio repellat ab. A doloribus quis fugiat. Quo possimus ut ut aut cupiditate ipsum. Provident est ut occaecati aliquam culpa saepe facilis.', 3, '2020-08-30 21:43:29', '2020-08-30 21:43:29'),
(198, 16, 'Prof. Nyah Cartwright', 'Iusto hic perspiciatis perspiciatis aut et est aliquam. Rerum quaerat recusandae dolore enim autem. Qui tempora consequatur animi fuga incidunt ex et. Inventore animi aliquid tenetur est placeat eveniet esse.', 1, '2020-08-30 21:43:30', '2020-08-30 21:43:30'),
(199, 43, 'Blair Dibbert', 'Repudiandae voluptatem qui minima sunt iure. Inventore laudantium qui accusamus est eum voluptas qui nostrum. Est dolorem eos perferendis libero mollitia.', 2, '2020-08-30 21:43:30', '2020-08-30 21:43:30'),
(200, 12, 'Frank Heathcote', 'Et quis et rem odio. Laudantium praesentium rerum blanditiis ut neque quia. Non voluptatem temporibus aliquam non expedita.', 1, '2020-08-30 21:43:30', '2020-08-30 21:43:30'),
(201, 3, 'Prof. Antonette Hickle Sr.', 'Cupiditate ut reiciendis ut iste vel porro molestias non. Assumenda necessitatibus nostrum hic rerum et. Voluptates ut rerum voluptatem amet. Nemo officiis inventore ut odio quidem natus suscipit delectus.', 5, '2020-08-30 21:43:30', '2020-08-30 21:43:30'),
(202, 2, 'Jeanne Terry', 'Eius magni ipsa rerum soluta. Nihil dolor voluptas beatae neque a maxime. Non natus dolorum voluptas soluta.', 3, '2020-08-30 21:43:30', '2020-08-30 21:43:30'),
(203, 21, 'Brisa Nader DDS', 'Ipsum veritatis aspernatur aut pariatur consectetur. Ea debitis commodi aut quo aut. Accusamus sint tenetur quia. Officia accusantium voluptatem cum sit cupiditate officiis necessitatibus.', 1, '2020-08-30 21:43:30', '2020-08-30 21:43:30'),
(204, 3, 'Darrel Christiansen', 'Eum vel et nihil et. Ut nobis maiores delectus sequi aliquam consequatur. Ullam sit id rem vitae.', 4, '2020-08-30 21:43:30', '2020-08-30 21:43:30'),
(205, 29, 'Mrs. Jayda Kunze', 'Perspiciatis reprehenderit pariatur dolores et eum. Neque expedita eaque mollitia. Totam pariatur id aut quia eos.', 0, '2020-08-30 21:43:30', '2020-08-30 21:43:30'),
(206, 24, 'Adrain Jacobson', 'Totam doloremque vitae rerum sapiente aut a aut. Quam rerum id ut molestiae expedita dolore. Rerum eaque aut sint nulla fugiat ut. Qui rem quibusdam voluptatum rerum ea nihil nulla.', 4, '2020-08-30 21:43:30', '2020-08-30 21:43:30'),
(207, 7, 'Perry Willms', 'Ad vitae autem ratione eum hic quis ab. Eligendi neque enim officiis quod quidem. Facilis eius enim aspernatur quis. Officia qui voluptate sint ad dignissimos atque dolores.', 3, '2020-08-30 21:43:30', '2020-08-30 21:43:30');
INSERT INTO `reviews` (`id`, `product_id`, `customer`, `review`, `star`, `created_at`, `updated_at`) VALUES
(208, 19, 'Anibal Ruecker I', 'Incidunt possimus vitae quos maiores vitae. Et autem quia et qui similique et repellat. Voluptates ea eos reiciendis quidem voluptatem sunt voluptatem.', 5, '2020-08-30 21:43:30', '2020-08-30 21:43:30'),
(209, 1, 'Albin Towne', 'Esse autem qui et doloremque placeat tempore excepturi. Atque quae velit nobis facilis fugiat. Et autem architecto et neque ut. Maiores sequi odit qui consequatur eligendi recusandae neque voluptate.', 3, '2020-08-30 21:43:30', '2020-08-30 21:43:30'),
(210, 13, 'Ryley Roberts', 'Officia quaerat pariatur autem nisi. Iure ex accusantium minus necessitatibus officia. Inventore accusamus quibusdam eveniet rerum architecto eligendi. Ratione laboriosam iure at qui ut fugit fugiat.', 0, '2020-08-30 21:43:30', '2020-08-30 21:43:30'),
(211, 28, 'Earnestine Heathcote IV', 'Quo deserunt et voluptatum dolorem iure. Aut aut dignissimos tempora. Nihil non earum aut cumque.', 1, '2020-08-30 21:43:30', '2020-08-30 21:43:30'),
(212, 43, 'Annamarie Quigley PhD', 'Reiciendis quo saepe explicabo et amet quibusdam. Est repellendus vel provident magni aut tempora. Saepe maxime nemo vero.', 1, '2020-08-30 21:43:30', '2020-08-30 21:43:30'),
(213, 23, 'Krista Glover III', 'Voluptate blanditiis dolores quia aut voluptate officia. Quo sapiente non enim. Non a suscipit aut numquam.', 5, '2020-08-30 21:43:30', '2020-08-30 21:43:30'),
(214, 41, 'Tommie Brakus', 'Et natus aut facere quis consectetur harum. Vero adipisci est sint sequi. Omnis enim in fugiat consequatur laudantium.', 0, '2020-08-30 21:43:30', '2020-08-30 21:43:30'),
(215, 5, 'Dr. Felipa Walter DDS', 'Quas qui sit eos ad quas soluta. Esse occaecati quos aspernatur aut doloribus sit. Animi corporis totam et possimus. Numquam officia sit consequatur aut occaecati repellat.', 2, '2020-08-30 21:43:30', '2020-08-30 21:43:30'),
(216, 20, 'Wilhelmine Ryan II', 'Dignissimos a aut laudantium neque ut sapiente atque rerum. Deleniti possimus in voluptatem numquam dicta voluptas. Et sed quaerat ratione excepturi eaque.', 3, '2020-08-30 21:43:30', '2020-08-30 21:43:30'),
(217, 49, 'Miss Florence Kohler I', 'Voluptatem voluptas suscipit non vitae. In quasi quia officia et ducimus quo. Voluptates cumque voluptate consequatur dolores quod excepturi et. Alias vitae et iusto facilis repellat.', 0, '2020-08-30 21:43:30', '2020-08-30 21:43:30'),
(218, 40, 'Selmer Langworth', 'Est earum aperiam nesciunt quos. Consectetur et dolor reprehenderit magni quo consectetur. Ipsum aut nihil eum dolores magnam qui.', 5, '2020-08-30 21:43:30', '2020-08-30 21:43:30'),
(219, 22, 'Miss Carli Botsford', 'Ipsam ut est tenetur sed natus. Consequatur laborum architecto adipisci ut veritatis. Pariatur occaecati blanditiis repellendus labore quasi molestias. Recusandae qui optio vitae consequatur incidunt.', 5, '2020-08-30 21:43:30', '2020-08-30 21:43:30'),
(220, 7, 'Mr. Derek Kub II', 'Rem praesentium hic sed beatae. Animi nisi beatae ipsa rerum ut. Reiciendis quam qui est autem.', 1, '2020-08-30 21:43:30', '2020-08-30 21:43:30'),
(221, 41, 'Royal Stark', 'Nihil doloremque ut quis aut. Sint ipsa sint eaque odit aut velit quos. Vel possimus est nam voluptatibus et. Beatae et eos sed sed impedit cupiditate. Nemo cumque non qui atque quia adipisci.', 3, '2020-08-30 21:43:30', '2020-08-30 21:43:30'),
(222, 26, 'Alfreda Emmerich', 'Laboriosam minus sunt doloribus asperiores inventore laborum excepturi. Earum odit sunt sed qui consequuntur atque ratione voluptas. Aliquam soluta a officia dignissimos.', 5, '2020-08-30 21:43:30', '2020-08-30 21:43:30'),
(223, 9, 'Osvaldo Hamill III', 'Aut nemo nulla doloremque cupiditate nesciunt. Consequatur ad eius qui iure. Quam laborum voluptatem eaque eaque dicta maiores. Id exercitationem voluptas et quam consectetur voluptas inventore.', 5, '2020-08-30 21:43:30', '2020-08-30 21:43:30'),
(224, 13, 'Cecil Gaylord MD', 'Quidem dolorum dolores sed inventore. Debitis eum sint at officia. Autem nam quo sunt et ut aperiam et. Aliquam accusantium voluptas sed quis magni alias.', 0, '2020-08-30 21:43:30', '2020-08-30 21:43:30'),
(225, 50, 'Mittie Grady', 'Ut voluptatem necessitatibus consequatur at sit sit. Qui quas a eaque distinctio sit ut dolorem aliquid. Eum fugit natus officia praesentium a nihil adipisci porro.', 5, '2020-08-30 21:43:30', '2020-08-30 21:43:30'),
(226, 11, 'Winona Rogahn', 'Libero iste a ut sint suscipit earum asperiores nesciunt. Consequatur non voluptates temporibus quos. At libero quod quis dolores eum magnam minus. Odio et ratione autem vero perferendis nemo.', 4, '2020-08-30 21:43:30', '2020-08-30 21:43:30'),
(227, 26, 'Rodger Dicki', 'Deleniti officia qui libero ut quam. Beatae dolores unde suscipit beatae et qui nemo voluptatibus. Earum aut molestiae eius et totam.', 5, '2020-08-30 21:43:30', '2020-08-30 21:43:30'),
(228, 50, 'Izabella Kihn', 'Eligendi cumque eaque nihil quia blanditiis. Eveniet vitae delectus distinctio consequatur aut dolores ipsa. In tempora vitae hic qui consequatur.', 3, '2020-08-30 21:43:30', '2020-08-30 21:43:30'),
(229, 8, 'Mr. Cicero Harvey III', 'Placeat aliquam et vitae aliquam velit odit corporis. Qui sunt officiis quis molestiae adipisci voluptatem. Praesentium aspernatur exercitationem ea porro sed quis modi.', 4, '2020-08-30 21:43:30', '2020-08-30 21:43:30'),
(230, 12, 'Savion Emard', 'Possimus reiciendis asperiores fugiat. In sed quisquam distinctio ullam sint ut nostrum error. Ipsum voluptatum voluptatibus quas voluptatem repellendus incidunt eum. Voluptatum voluptatem veniam non voluptates eum molestiae dolorem.', 3, '2020-08-30 21:43:30', '2020-08-30 21:43:30'),
(231, 48, 'Brad Cremin', 'Nulla voluptatem eos in laudantium veniam quo. Veniam perferendis eaque omnis quas ut. Accusamus qui fugit ut est dolores ut. Molestias aut a ipsa rerum.', 0, '2020-08-30 21:43:30', '2020-08-30 21:43:30'),
(232, 13, 'Sigrid White', 'Illum placeat aut neque dicta fuga sit pariatur. Corrupti velit culpa incidunt vitae quisquam. Aut accusantium aspernatur voluptatem.', 1, '2020-08-30 21:43:30', '2020-08-30 21:43:30'),
(233, 22, 'Jayme Runte III', 'Iste sed placeat sit ea. Aperiam deleniti provident ab recusandae perferendis aspernatur id. Aut voluptates excepturi voluptatem ipsa. Dolore cupiditate qui est pariatur. Eos nobis minima officiis dolores exercitationem illum in dolore.', 1, '2020-08-30 21:43:30', '2020-08-30 21:43:30'),
(234, 39, 'Jade Durgan', 'Voluptas aspernatur consequatur sed iusto. Officiis sint aut dolore similique earum. Enim at animi aut tenetur ut quia. Tempore repellat adipisci veritatis quae numquam dolorum.', 2, '2020-08-30 21:43:30', '2020-08-30 21:43:30'),
(235, 3, 'Nicolas Mosciski', 'Praesentium asperiores occaecati incidunt dicta est. Repudiandae amet et non dolorem. Cum ratione quo earum debitis.', 2, '2020-08-30 21:43:30', '2020-08-30 21:43:30'),
(236, 14, 'Mrs. Maymie Kirlin', 'Quo optio neque voluptates animi est error. Ea autem corporis consequatur repellat quo odit. Provident tenetur quidem rem voluptatum. Suscipit laboriosam repellat et sint.', 3, '2020-08-30 21:43:31', '2020-08-30 21:43:31'),
(237, 40, 'Dr. Vaughn Stanton PhD', 'Voluptatem aut accusantium omnis a. Sed recusandae aut maiores. Qui corporis quo qui suscipit.', 5, '2020-08-30 21:43:31', '2020-08-30 21:43:31'),
(238, 34, 'Prof. Luciano Cole', 'Doloremque autem voluptatibus eligendi dolor molestiae rem quisquam iure. Veniam facere blanditiis ducimus qui. Sit voluptatem libero dolorum quod a. Sint consequatur explicabo aliquam nobis voluptates maxime.', 1, '2020-08-30 21:43:31', '2020-08-30 21:43:31'),
(239, 39, 'Daisy Abshire Sr.', 'Doloribus earum quas natus explicabo. Non et voluptate dicta eos voluptatum officiis est nostrum. Veniam et cum beatae voluptas natus consequatur incidunt laboriosam.', 5, '2020-08-30 21:43:31', '2020-08-30 21:43:31'),
(240, 22, 'Carter Murazik', 'Est maiores veniam molestiae non porro. Exercitationem repudiandae quisquam aut dignissimos omnis. Illum doloremque ducimus eos velit consequatur recusandae.', 5, '2020-08-30 21:43:31', '2020-08-30 21:43:31'),
(241, 1, 'Dr. Mattie Howe Jr.', 'Aut optio quo eos saepe ut esse quia. Similique quam sunt nulla ratione incidunt blanditiis totam. Voluptatem dolorem facilis qui assumenda aut est animi.', 3, '2020-08-30 21:43:31', '2020-08-30 21:43:31'),
(242, 38, 'Drake Fahey', 'Aut sit totam quam similique dolor nemo dolor non. Nam non id at id quis hic. Ipsam ipsam deserunt aut maxime inventore ut quisquam. Voluptatem vel ut qui sit explicabo similique minima.', 5, '2020-08-30 21:43:31', '2020-08-30 21:43:31'),
(243, 37, 'Dr. Desmond Gutkowski', 'Eos aut aut et voluptas dicta laboriosam. Cumque quas et occaecati. Ut rem at aspernatur hic accusamus autem.', 3, '2020-08-30 21:43:31', '2020-08-30 21:43:31'),
(244, 38, 'Gwen Bayer', 'Aut quia nihil ut a non quod. Tempore culpa necessitatibus officia voluptatem. Non dolores sint minima sequi. Assumenda quam nulla iste hic esse ut excepturi.', 0, '2020-08-30 21:43:31', '2020-08-30 21:43:31'),
(245, 2, 'Candelario Wyman V', 'Quis reiciendis aperiam aut deserunt nihil. Ipsum dolor nemo doloremque nulla corrupti. Animi optio voluptatum minus totam dolor asperiores.', 5, '2020-08-30 21:43:31', '2020-08-30 21:43:31'),
(246, 47, 'Christ Pagac', 'Consequatur sit harum dolores voluptatem suscipit aut. A et quo officiis dolorem. Necessitatibus quaerat quibusdam eos nesciunt ut nulla. Atque doloribus ut minima est labore illo repudiandae.', 4, '2020-08-30 21:43:31', '2020-08-30 21:43:31'),
(247, 44, 'Wava Mueller', 'Error vitae error hic sequi. Reiciendis rem sit earum cumque maiores. Numquam est voluptatem veniam omnis quod.', 5, '2020-08-30 21:43:31', '2020-08-30 21:43:31'),
(248, 10, 'Tia Bartoletti', 'Voluptas rerum et unde illum nesciunt nulla veritatis. Soluta aut sed veniam voluptatum libero pariatur odio illo. Mollitia ipsam soluta sed. Ab vitae qui et dolores aperiam.', 0, '2020-08-30 21:43:31', '2020-08-30 21:43:31'),
(249, 37, 'Mrs. Daisha Will', 'Incidunt minus maxime et. Cupiditate quisquam doloribus sed neque cumque deleniti. Aliquid et sed magni eos quia assumenda quibusdam.', 3, '2020-08-30 21:43:31', '2020-08-30 21:43:31'),
(250, 40, 'Prof. Melyna Johnson V', 'Autem omnis consequatur perferendis nisi enim a corporis omnis. Quia debitis quis soluta. Sunt ut non beatae ipsum et. Iusto qui accusantium repudiandae aut ut.', 2, '2020-08-30 21:43:31', '2020-08-30 21:43:31'),
(251, 44, 'Reece Erdman', 'Sit omnis officiis animi explicabo iste. Modi nemo omnis ducimus velit aut rerum. Earum doloremque blanditiis itaque quaerat quibusdam neque similique. Hic neque rem saepe est rerum.', 4, '2020-08-30 21:43:31', '2020-08-30 21:43:31'),
(252, 37, 'Prof. Kay Fisher', 'Minus quia numquam corrupti delectus. Eos saepe maxime et veritatis. Dignissimos eligendi est ut cupiditate temporibus excepturi corrupti.', 0, '2020-08-30 21:43:31', '2020-08-30 21:43:31'),
(253, 3, 'Alfred Heaney', 'Distinctio sit vel delectus aut velit dignissimos voluptatem. Totam alias nesciunt sint suscipit est et. Laborum eaque voluptas sunt odit.', 5, '2020-08-30 21:43:31', '2020-08-30 21:43:31'),
(254, 11, 'Prof. Agustin Cole III', 'Ex molestias nulla laboriosam consequatur. Qui qui libero sed eos sint et provident explicabo. Asperiores et quo et et possimus velit. Alias laudantium perferendis numquam in voluptate voluptas alias explicabo.', 5, '2020-08-30 21:43:31', '2020-08-30 21:43:31'),
(255, 3, 'Dr. Nick Beahan DDS', 'Ducimus tempore corporis est consectetur. Recusandae mollitia dicta qui fugiat. Eos distinctio velit sint.', 2, '2020-08-30 21:43:31', '2020-08-30 21:43:31'),
(256, 33, 'Yesenia Runolfsson', 'Voluptate earum facere repellendus ex. Consectetur voluptatum ut ipsa optio. Vero quisquam molestias quam labore odio iste aut. Ea voluptates nulla temporibus dolorem eos et facere. Perspiciatis quam omnis occaecati in quia cumque.', 4, '2020-08-30 21:43:31', '2020-08-30 21:43:31'),
(257, 41, 'Miss Ana Harris IV', 'Ipsum excepturi necessitatibus veniam repellat magnam. Adipisci enim hic et omnis. Odio nobis ducimus itaque sed. Sed officia delectus corporis minima sint et sunt. Dicta ipsa aliquam et earum.', 4, '2020-08-30 21:43:31', '2020-08-30 21:43:31'),
(258, 49, 'Era Volkman', 'Voluptatem deleniti sint unde qui consequatur quae culpa. Est dolore in illo architecto esse. Voluptatem natus aut non tempore est et aut.', 2, '2020-08-30 21:43:31', '2020-08-30 21:43:31'),
(259, 40, 'Lukas Lynch', 'Exercitationem ea sunt sunt ratione sequi sint omnis. Aut rerum et nihil sint. In unde aperiam dignissimos neque numquam quis.', 2, '2020-08-30 21:43:31', '2020-08-30 21:43:31'),
(260, 3, 'Alexandria Hilpert', 'Voluptatem a aut ut corrupti beatae vel similique expedita. Voluptatem ratione aliquid adipisci. Doloribus omnis voluptatem beatae molestiae.', 4, '2020-08-30 21:43:31', '2020-08-30 21:43:31'),
(261, 27, 'Miss Lilian Sipes', 'Error perferendis eum quia. Omnis rem vero enim ut dolore quis beatae et. Voluptate reprehenderit cumque odit ipsam reprehenderit ut. Aut atque beatae maxime aperiam quod perferendis voluptatum.', 1, '2020-08-30 21:43:31', '2020-08-30 21:43:31'),
(262, 42, 'Dr. Stephon Lubowitz Jr.', 'Ducimus repudiandae voluptatem itaque nostrum reiciendis. Ut laborum recusandae facere. Incidunt est illo ipsum in velit qui. Dolorem culpa est optio.', 5, '2020-08-30 21:43:31', '2020-08-30 21:43:31'),
(263, 1, 'Alisha Reichert', 'Unde tempora laborum eos omnis eos sunt. Repudiandae aperiam corporis maxime nemo est dicta eaque aut.', 3, '2020-08-30 21:43:31', '2020-08-30 21:43:31'),
(264, 12, 'Benton Beier', 'Eius commodi sed doloribus. Sit maxime quo provident itaque. Quis vel nostrum consequatur cupiditate quaerat veritatis et impedit.', 4, '2020-08-30 21:43:31', '2020-08-30 21:43:31'),
(265, 44, 'Corrine Mosciski', 'Ipsa sed magni nemo. Consequatur dolore et voluptate quo enim nisi. Nemo animi officia omnis.', 4, '2020-08-30 21:43:31', '2020-08-30 21:43:31'),
(266, 24, 'Norberto Bogan', 'Ut numquam consequatur soluta corrupti doloribus ea. Sunt vitae soluta placeat sit recusandae totam. Necessitatibus aut impedit maiores eum. Voluptatem voluptatem fugiat maxime consequuntur vero voluptate et.', 2, '2020-08-30 21:43:31', '2020-08-30 21:43:31'),
(267, 19, 'Miss Caitlyn Effertz PhD', 'Soluta magni quo accusantium quidem itaque deleniti. Ut qui velit alias delectus vel sunt molestiae. Laboriosam dolorem facilis dolores debitis ut quod dolores.', 2, '2020-08-30 21:43:31', '2020-08-30 21:43:31'),
(268, 47, 'Daryl Pacocha', 'Atque quae quas distinctio distinctio pariatur accusantium quis ut. In consectetur voluptas deserunt eos at. Maxime maiores asperiores sed id.', 0, '2020-08-30 21:43:31', '2020-08-30 21:43:31'),
(269, 30, 'Celine Barrows', 'Similique dolor molestiae architecto ad quidem enim aliquam. Sunt autem ipsa et unde fugiat velit dolore corporis. Voluptatem nisi iusto et culpa.', 5, '2020-08-30 21:43:31', '2020-08-30 21:43:31'),
(270, 24, 'Matilde Bins', 'Earum doloribus accusantium eos aspernatur molestiae. Minima est ipsam non reiciendis. Quo dolorum quia occaecati quo minus dolor. Nihil corrupti eum possimus magni fugiat rerum.', 1, '2020-08-30 21:43:31', '2020-08-30 21:43:31'),
(271, 5, 'Gwen Hermiston', 'Qui suscipit veniam voluptatibus vero. Est et est impedit non rerum officia. Alias iure omnis illo accusamus dolor dolorum laudantium.', 0, '2020-08-30 21:43:31', '2020-08-30 21:43:31'),
(272, 27, 'Taya Satterfield', 'Adipisci facilis amet et recusandae corporis veniam ea. Aut nesciunt et quia dolorem fuga. Sunt vel quam et quam voluptatem asperiores ducimus.', 4, '2020-08-30 21:43:31', '2020-08-30 21:43:31'),
(273, 38, 'Kade Denesik', 'Eum consequatur in qui perferendis et repellat. Rerum odio consequuntur nostrum debitis et impedit ut et. Tempore hic reiciendis itaque corrupti suscipit. Sint ab ut molestiae ut voluptas saepe.', 4, '2020-08-30 21:43:31', '2020-08-30 21:43:31'),
(274, 42, 'Jean Fay', 'Magni occaecati voluptatem eos. Est magni numquam omnis soluta voluptatum. Sit nam dolores fuga qui dignissimos aut nihil laudantium. Itaque provident et quia qui corrupti.', 5, '2020-08-30 21:43:31', '2020-08-30 21:43:31'),
(275, 47, 'Kip Schulist', 'Reiciendis molestias libero eos porro voluptatibus et et placeat. Nisi porro quis quia aliquam. Sit nemo facere accusamus facilis ipsam exercitationem. Incidunt ratione voluptatem esse.', 5, '2020-08-30 21:43:31', '2020-08-30 21:43:31'),
(276, 40, 'Kristina Deckow', 'Iste nesciunt ratione sapiente sed eos est. Ipsam et eligendi voluptatem quasi sint ut et. Facere at dicta facere reprehenderit rerum. Est facilis hic molestiae itaque iste voluptatem aspernatur.', 1, '2020-08-30 21:43:31', '2020-08-30 21:43:31'),
(277, 1, 'Andre Blick', 'Ut at dolores accusantium. Minus animi doloremque qui nemo. Est maiores sunt fuga numquam consequatur. Earum nam labore voluptatum tempore inventore quod qui. Qui quo dicta ut minus.', 2, '2020-08-30 21:43:31', '2020-08-30 21:43:31'),
(278, 43, 'Deja Gibson', 'Saepe aut sed vel voluptates commodi. Iste sed quo quia laborum. Incidunt illo quo neque. Odit temporibus inventore consequatur ea culpa et delectus officia.', 1, '2020-08-30 21:43:31', '2020-08-30 21:43:31'),
(279, 23, 'Jaunita Littel', 'Ut deserunt possimus rerum ea omnis. Qui culpa ea dolorum. Repellat officiis totam ea beatae recusandae explicabo voluptas.', 5, '2020-08-30 21:43:31', '2020-08-30 21:43:31'),
(280, 19, 'Celestino Hammes', 'Quam nesciunt cum repudiandae. Tempore debitis ut et omnis impedit. Officia accusamus vitae inventore occaecati ipsum eligendi distinctio cumque. Est quas atque est vel odit qui reiciendis delectus.', 0, '2020-08-30 21:43:31', '2020-08-30 21:43:31'),
(281, 40, 'Casper Pouros', 'Id eum soluta quisquam est eius. At voluptatem natus et qui facere. Alias vero quam dolorem.', 2, '2020-08-30 21:43:31', '2020-08-30 21:43:31'),
(282, 2, 'Miss Damaris Monahan DDS', 'Molestias laborum dignissimos illo doloribus nesciunt molestiae ab suscipit. Eum provident quisquam laboriosam cumque quo est alias fuga. Consequatur accusamus earum dignissimos ut enim quam.', 2, '2020-08-30 21:43:31', '2020-08-30 21:43:31'),
(283, 22, 'Vicky Goyette', 'Iste vero voluptatem sed et aperiam ullam. Quia incidunt voluptas nobis et eum. Doloribus voluptatum repellendus qui magnam qui pariatur eos. Reprehenderit et eos autem quos quo fuga magnam.', 0, '2020-08-30 21:43:31', '2020-08-30 21:43:31'),
(284, 44, 'Abdullah Vandervort', 'Eum minima est eos fugit sunt dignissimos. Qui natus aliquam nisi saepe enim dolores hic. Vitae tempora reiciendis facilis ut quos in consequatur. Cumque praesentium unde voluptas deserunt nulla.', 4, '2020-08-30 21:43:31', '2020-08-30 21:43:31'),
(285, 27, 'Cara Runolfsdottir', 'Est aut optio qui dolorem. Tempora itaque eum ratione dolor tenetur voluptatibus tenetur. Voluptatem enim qui doloremque quos qui soluta a in. Maxime aut necessitatibus mollitia commodi amet ut sint.', 2, '2020-08-30 21:43:31', '2020-08-30 21:43:31'),
(286, 25, 'Helena Krajcik', 'Soluta amet repellendus rem quas minus odit laudantium debitis. Expedita corporis expedita culpa. Provident laborum non numquam consectetur in dolorem. Et dignissimos et illum voluptas aperiam nisi.', 4, '2020-08-30 21:43:31', '2020-08-30 21:43:31'),
(287, 5, 'Prof. Declan Murray', 'Autem voluptate minima repudiandae vel quam. Maiores error quia est delectus est ratione dolor. Qui laboriosam dolores unde. Ut hic nobis rem sunt iste accusantium.', 4, '2020-08-30 21:43:31', '2020-08-30 21:43:31'),
(288, 30, 'Dr. Luther Graham', 'Sint beatae recusandae a est inventore totam unde. Reprehenderit sequi praesentium quia debitis quasi nisi omnis. Illum sed laboriosam omnis eveniet doloremque aliquam dolorum.', 0, '2020-08-30 21:43:31', '2020-08-30 21:43:31'),
(289, 17, 'Felix Bosco', 'Eum maiores excepturi dolor ab porro cupiditate provident. Qui deserunt veritatis iure. Et quos modi ex ducimus.', 0, '2020-08-30 21:43:31', '2020-08-30 21:43:31'),
(290, 48, 'Mack D\'Amore', 'Dolorem ullam vel dolor incidunt dolor incidunt. Eum qui consequatur ea commodi. Expedita voluptatem repudiandae enim quasi dolores nemo officia. Est eos necessitatibus et est. Voluptas facilis praesentium in modi debitis voluptate.', 4, '2020-08-30 21:43:31', '2020-08-30 21:43:31'),
(291, 17, 'Dr. Fritz Smith Sr.', 'Dolor est adipisci in accusamus nobis officia harum. Quis eveniet quis eos modi deserunt atque qui numquam. Sit iusto sed temporibus quaerat et esse iusto. Repellat suscipit et atque omnis.', 1, '2020-08-30 21:43:31', '2020-08-30 21:43:31'),
(292, 10, 'Gregorio Hills I', 'Voluptates voluptatem nemo dolor et beatae excepturi. Aut culpa autem est voluptates et rerum quas suscipit.', 3, '2020-08-30 21:43:32', '2020-08-30 21:43:32'),
(293, 15, 'Everette Mohr', 'Rem quos tempore quibusdam qui. Voluptatem reprehenderit voluptatem sit doloribus reprehenderit sequi odio quia. Vel cumque voluptas fugiat error aut tenetur beatae optio.', 3, '2020-08-30 21:43:32', '2020-08-30 21:43:32'),
(294, 35, 'Darian Miller', 'Mollitia quia neque tenetur possimus dolores. Repellat eos est omnis nostrum minima delectus. Provident mollitia veritatis exercitationem est quia aut atque. Assumenda accusamus vero veniam libero.', 3, '2020-08-30 21:43:32', '2020-08-30 21:43:32'),
(295, 20, 'Anahi Bogisich', 'Laboriosam eaque et id aspernatur possimus. Voluptatem voluptas nemo autem pariatur vel. Sunt sit nemo nulla rerum ut dolor totam ipsa. Impedit accusamus dignissimos officiis illo enim eaque.', 2, '2020-08-30 21:43:32', '2020-08-30 21:43:32'),
(296, 25, 'Kathryn Hermiston', 'Nam eos quod voluptates et aut voluptas in. Saepe vero laboriosam sequi. Voluptas est id numquam velit ad ipsam tempore ut. Tenetur blanditiis sit in quia sint sunt alias.', 1, '2020-08-30 21:43:32', '2020-08-30 21:43:32'),
(297, 21, 'Trudie Hessel', 'Optio quia fugiat eaque molestias. Perferendis occaecati ad harum enim mollitia asperiores ratione. Ab atque asperiores aut dolorum. Rem officiis quia minus voluptas. Est cum quaerat aut et.', 4, '2020-08-30 21:43:32', '2020-08-30 21:43:32'),
(298, 29, 'Deion Nikolaus', 'Voluptates consequatur laboriosam repellendus eum. Placeat a provident odit quisquam. Exercitationem quo eius quis. Nulla rerum sit iste ratione ut.', 0, '2020-08-30 21:43:32', '2020-08-30 21:43:32'),
(299, 21, 'Ines Gleichner', 'Voluptatem maiores sint nostrum porro sed non qui. Qui tempore ea laborum est delectus dolorem maxime et. Sequi velit recusandae itaque soluta dolores.', 5, '2020-08-30 21:43:32', '2020-08-30 21:43:32'),
(300, 9, 'Delaney Beier', 'Sit totam nesciunt soluta provident voluptates est laboriosam minus. Molestiae veritatis voluptatem voluptas nam harum. Atque est ipsa et et ad debitis nam. Animi adipisci dicta sit.', 2, '2020-08-30 21:43:32', '2020-08-30 21:43:32');

-- --------------------------------------------------------

--
-- Table structure for table `users`
--

DROP TABLE IF EXISTS `users`;
CREATE TABLE IF NOT EXISTS `users` (
  `id` bigint(20) UNSIGNED NOT NULL AUTO_INCREMENT,
  `name` varchar(255) COLLATE utf8mb4_unicode_ci NOT NULL,
  `email` varchar(255) COLLATE utf8mb4_unicode_ci NOT NULL,
  `email_verified_at` timestamp NULL DEFAULT NULL,
  `password` varchar(255) COLLATE utf8mb4_unicode_ci NOT NULL,
  `remember_token` varchar(100) COLLATE utf8mb4_unicode_ci DEFAULT NULL,
  `created_at` timestamp NULL DEFAULT NULL,
  `updated_at` timestamp NULL DEFAULT NULL,
  PRIMARY KEY (`id`),
  UNIQUE KEY `users_email_unique` (`email`)
) ENGINE=InnoDB DEFAULT CHARSET=utf8mb4 COLLATE=utf8mb4_unicode_ci;

--
-- Constraints for dumped tables
--

--
-- Constraints for table `reviews`
--
ALTER TABLE `reviews`
  ADD CONSTRAINT `reviews_product_id_foreign` FOREIGN KEY (`product_id`) REFERENCES `products` (`id`) ON DELETE CASCADE;
COMMIT;

/*!40101 SET CHARACTER_SET_CLIENT=@OLD_CHARACTER_SET_CLIENT */;
/*!40101 SET CHARACTER_SET_RESULTS=@OLD_CHARACTER_SET_RESULTS */;
/*!40101 SET COLLATION_CONNECTION=@OLD_COLLATION_CONNECTION */;
